Date,Open,High,Low,Close,Volume
2010-01-04,,,,,
2010-01-05,,,,,
2010-01-06,,,,,
2010-01-07,,,,,
2010-01-08,,,,,
2010-01-11,,,,,
2010-01-12,,,,,
2010-01-13,,,,,
2010-01-14,,,,,
2010-01-15,,,,,
2010-01-18,,,,,
2010-01-19,,,,,
2010-01-20,,,,,
2010-01-21,,,,,
2010-01-22,,,,,
2010-01-25,,,,,
2010-01-27,,,,,
2010-01-28,,,,,
2010-01-29,,,,,
2010-02-01,,,,,
2010-02-02,,,,,
2010-02-03,,,,,
2010-02-04,,,,,
2010-02-05,,,,,
2010-02-08,,,,,
2010-02-09,,,,,
2010-02-10,,,,,
2010-02-11,,,,,
2010-02-15,,,,,
2010-02-16,,,,,
2010-02-17,,,,,
2010-02-18,,,,,
2010-02-19,,,,,
2010-02-22,,,,,
2010-02-23,,,,,
2010-02-24,,,,,
2010-02-25,,,,,
2010-02-26,,,,,
2010-03-02,,,,,
2010-03-03,,,,,
2010-03-04,,,,,
2010-03-05,,,,,
2010-03-08,,,,,
2010-03-09,,,,,
2010-03-10,,,,,
2010-03-11,,,,,
2010-03-12,,,,,
2010-03-15,,,,,
2010-03-16,,,,,
2010-03-17,,,,,
2010-03-18,,,,,
2010-03-19,,,,,
2010-03-22,,,,,
2010-03-23,,,,,
2010-03-25,,,,,
2010-03-26,,,,,
2010-03-29,,,,,
2010-03-30,,,,,
2010-03-31,,,,,
2010-04-01,,,,,
2010-04-05,,,,,
2010-04-06,,,,,
2010-04-07,,,,,
2010-04-08,,,,,
2010-04-09,,,,,
2010-04-12,,,,,
2010-04-13,,,,,
2010-04-15,,,,,
2010-04-16,,,,,
2010-04-19,,,,,
2010-04-20,,,,,
2010-04-21,,,,,
2010-04-22,,,,,
2010-04-23,,,,,
2010-04-26,,,,,
2010-04-27,,,,,
2010-04-28,,,,,
2010-04-29,,,,,
2010-04-30,,,,,
2010-05-03,,,,,
2010-05-04,,,,,
2010-05-05,,,,,
2010-05-06,,,,,
2010-05-07,,,,,
2010-05-10,,,,,
2010-05-11,,,,,
2010-05-12,,,,,
2010-05-13,,,,,
2010-05-14,,,,,
2010-05-17,,,,,
2010-05-18,,,,,
2010-05-19,,,,,
2010-05-20,,,,,
2010-05-21,,,,,
2010-05-24,,,,,
2010-05-25,,,,,
2010-05-26,,,,,
2010-05-27,,,,,
2010-05-28,,,,,
2010-05-31,,,,,
2010-06-01,,,,,
2010-06-02,,,,,
2010-06-03,,,,,
2010-06-04,,,,,
2010-06-07,,,,,
2010-06-08,,,,,
2010-06-09,,,,,
2010-06-10,,,,,
2010-06-11,,,,,
2010-06-14,,,,,
2010-06-15,,,,,
2010-06-16,,,,,
2010-06-17,,,,,
2010-06-18,,,,,
2010-06-21,,,,,
2010-06-22,,,,,
2010-06-23,,,,,
2010-06-24,,,,,
2010-06-25,,,,,
2010-06-28,,,,,
2010-06-29,,,,,
2010-06-30,,,,,
2010-07-01,,,,,
2010-07-02,,,,,
2010-07-05,,,,,
2010-07-06,,,,,
2010-07-07,,,,,
2010-07-08,,,,,
2010-07-09,,,,,
2010-07-12,,,,,
2010-07-13,,,,,
2010-07-14,,,,,
2010-07-15,,,,,
2010-07-16,,,,,
2010-07-19,,,,,
2010-07-20,,,,,
2010-07-21,,,,,
2010-07-22,,,,,
2010-07-23,,,,,
2010-07-26,,,,,
2010-07-27,,,,,
2010-07-28,,,,,
2010-07-29,,,,,
2010-07-30,,,,,
2010-08-02,,,,,
2010-08-03,,,,,
2010-08-04,,,,,
2010-08-05,,,,,
2010-08-06,,,,,
2010-08-09,,,,,
2010-08-10,,,,,
2010-08-11,,,,,
2010-08-12,,,,,
2010-08-13,,,,,
2010-08-16,,,,,
2010-08-17,,,,,
2010-08-18,,,,,
2010-08-19,,,,,
2010-08-20,,,,,
2010-08-23,,,,,
2010-08-24,,,,,
2010-08-25,,,,,
2010-08-26,,,,,
2010-08-27,,,,,
2010-08-30,,,,,
2010-08-31,,,,,
2010-09-01,,,,,
2010-09-02,,,,,
2010-09-03,,,,,
2010-09-06,,,,,
2010-09-07,,,,,
2010-09-08,,,,,
2010-09-09,,,,,
2010-09-13,,,,,
2010-09-14,,,,,
2010-09-15,,,,,
2010-09-16,,,,,
2010-09-17,,,,,
2010-09-20,,,,,
2010-09-21,,,,,
2010-09-22,,,,,
2010-09-23,,,,,
2010-09-24,,,,,
2010-09-27,,,,,
2010-09-28,,,,,
2010-09-29,,,,,
2010-09-30,,,,,
2010-10-01,,,,,
2010-10-04,,,,,
2010-10-05,,,,,
2010-10-06,,,,,
2010-10-07,,,,,
2010-10-08,,,,,
2010-10-11,,,,,
2010-10-12,,,,,
2010-10-13,,,,,
2010-10-14,,,,,
2010-10-15,,,,,
2010-10-18,,,,,
2010-10-19,,,,,
2010-10-20,,,,,
2010-10-21,,,,,
2010-10-22,,,,,
2010-10-25,,,,,
2010-10-26,,,,,
2010-10-27,,,,,
2010-10-28,,,,,
2010-10-29,,,,,
2010-11-01,,,,,
2010-11-02,,,,,
2010-11-03,,,,,
2010-11-04,,,,,
2010-11-08,,,,,
2010-11-09,,,,,
2010-11-10,,,,,
2010-11-11,,,,,
2010-11-12,,,,,
2010-11-15,,,,,
2010-11-16,,,,,
2010-11-18,,,,,
2010-11-19,,,,,
2010-11-22,,,,,
2010-11-23,,,,,
2010-11-24,,,,,
2010-11-25,,,,,
2010-11-26,,,,,
2010-11-29,,,,,
2010-11-30,,,,,
2010-12-01,,,,,
2010-12-02,,,,,
2010-12-03,,,,,
2010-12-06,,,,,
2010-12-07,,,,,
2010-12-08,,,,,
2010-12-09,,,,,
2010-12-10,,,,,
2010-12-13,,,,,
2010-12-14,,,,,
2010-12-15,,,,,
2010-12-16,,,,,
2010-12-20,,,,,
2010-12-21,,,,,
2010-12-22,,,,,
2010-12-23,,,,,
2010-12-24,,,,,
2010-12-27,,,,,
2010-12-28,,,,,
2010-12-29,,,,,
2010-12-30,,,,,
2010-12-31,,,,,
2011-01-03,,,,,
2011-01-04,,,,,
2011-01-05,,,,,
2011-01-06,,,,,
2011-01-07,,,,,
2011-01-10,,,,,
2011-01-11,,,,,
2011-01-12,,,,,
2011-01-13,,,,,
2011-01-14,,,,,
2011-01-17,,,,,
2011-01-18,,,,,
2011-01-19,,,,,
2011-01-20,,,,,
2011-01-21,,,,,
2011-01-24,,,,,
2011-01-25,,,,,
2011-01-27,,,,,
2011-01-28,,,,,
2011-01-31,,,,,
2011-02-01,,,,,
2011-02-02,,,,,
2011-02-03,,,,,
2011-02-04,,,,,
2011-02-07,,,,,
2011-02-08,,,,,
2011-02-09,,,,,
2011-02-10,,,,,
2011-02-11,,,,,
2011-02-14,,,,,
2011-02-15,,,,,
2011-02-16,,,,,
2011-02-17,,,,,
2011-02-18,,,,,
2011-02-21,,,,,
2011-02-22,,,,,
2011-02-23,,,,,
2011-02-24,,,,,
2011-02-25,,,,,
2011-02-28,,,,,
2011-03-01,,,,,
2011-03-03,,,,,
2011-03-04,,,,,
2011-03-07,,,,,
2011-03-08,,,,,
2011-03-09,,,,,
2011-03-10,,,,,
2011-03-11,,,,,
2011-03-14,,,,,
2011-03-15,,,,,
2011-03-16,,,,,
2011-03-17,,,,,
2011-03-18,,,,,
2011-03-21,,,,,
2011-03-22,,,,,
2011-03-23,,,,,
2011-03-24,,,,,
2011-03-25,,,,,
2011-03-28,,,,,
2011-03-29,,,,,
2011-03-30,,,,,
2011-03-31,,,,,
2011-04-01,,,,,
2011-04-04,,,,,
2011-04-05,,,,,
2011-04-06,,,,,
2011-04-07,,,,,
2011-04-08,,,,,
2011-04-11,,,,,
2011-04-13,,,,,
2011-04-15,,,,,
2011-04-18,,,,,
2011-04-19,,,,,
2011-04-20,,,,,
2011-04-21,,,,,
2011-04-25,,,,,
2011-04-26,,,,,
2011-04-27,,,,,
2011-04-28,,,,,
2011-04-29,,,,,
2011-05-02,,,,,
2011-05-03,,,,,
2011-05-04,,,,,
2011-05-05,,,,,
2011-05-06,,,,,
2011-05-09,,,,,
2011-05-10,,,,,
2011-05-11,,,,,
2011-05-12,,,,,
2011-05-13,,,,,
2011-05-16,,,,,
2011-05-17,,,,,
2011-05-18,,,,,
2011-05-19,,,,,
2011-05-20,,,,,
2011-05-23,,,,,
2011-05-24,,,,,
2011-05-25,,,,,
2011-05-26,,,,,
2011-05-27,,,,,
2011-05-30,,,,,
2011-05-31,,,,,
2011-06-01,,,,,
2011-06-02,,,,,
2011-06-03,,,,,
2011-06-06,,,,,
2011-06-07,,,,,
2011-06-08,,,,,
2011-06-09,,,,,
2011-06-10,,,,,
2011-06-13,,,,,
2011-06-14,,,,,
2011-06-15,,,,,
2011-06-16,,,,,
2011-06-17,,,,,
2011-06-20,,,,,
2011-06-21,,,,,
2011-06-22,,,,,
2011-06-23,,,,,
2011-06-24,,,,,
2011-06-27,,,,,
2011-06-28,,,,,
2011-06-29,,,,,
2011-06-30,,,,,
2011-07-01,,,,,
2011-07-04,,,,,
2011-07-05,,,,,
2011-07-06,,,,,
2011-07-07,,,,,
2011-07-08,,,,,
2011-07-11,,,,,
2011-07-12,,,,,
2011-07-13,,,,,
2011-07-14,,,,,
2011-07-15,,,,,
2011-07-18,,,,,
2011-07-19,,,,,
2011-07-20,,,,,
2011-07-21,,,,,
2011-07-22,,,,,
2011-07-25,,,,,
2011-07-26,,,,,
2011-07-27,,,,,
2011-07-28,,,,,
2011-07-29,,,,,
2011-08-01,,,,,
2011-08-02,,,,,
2011-08-03,,,,,
2011-08-04,,,,,
2011-08-05,,,,,
2011-08-08,,,,,
2011-08-09,,,,,
2011-08-10,,,,,
2011-08-11,,,,,
2011-08-12,,,,,
2011-08-16,,,,,
2011-08-17,,,,,
2011-08-18,,,,,
2011-08-19,,,,,
2011-08-22,,,,,
2011-08-23,,,,,
2011-08-24,,,,,
2011-08-25,,,,,
2011-08-26,,,,,
2011-08-29,,,,,
2011-08-30,,,,,
2011-09-02,,,,,
2011-09-05,,,,,
2011-09-06,,,,,
2011-09-07,,,,,
2011-09-08,,,,,
2011-09-09,,,,,
2011-09-12,,,,,
2011-09-13,,,,,
2011-09-14,,,,,
2011-09-15,,,,,
2011-09-16,,,,,
2011-09-19,,,,,
2011-09-20,,,,,
2011-09-21,,,,,
2011-09-22,,,,,
2011-09-23,,,,,
2011-09-26,,,,,
2011-09-27,,,,,
2011-09-28,,,,,
2011-09-29,,,,,
2011-09-30,,,,,
2011-10-03,,,,,
2011-10-04,,,,,
2011-10-05,,,,,
2011-10-07,,,,,
2011-10-10,,,,,
2011-10-11,,,,,
2011-10-12,,,,,
2011-10-13,,,,,
2011-10-14,,,,,
2011-10-17,,,,,
2011-10-18,,,,,
2011-10-19,,,,,
2011-10-20,,,,,
2011-10-21,,,,,
2011-10-24,,,,,
2011-10-25,,,,,
2011-10-28,,,,,
2011-10-31,,,,,
2011-11-01,,,,,
2011-11-02,,,,,
2011-11-03,,,,,
2011-11-04,,,,,
2011-11-08,,,,,
2011-11-09,,,,,
2011-11-11,,,,,
2011-11-14,,,,,
2011-11-15,,,,,
2011-11-16,,,,,
2011-11-17,,,,,
2011-11-18,,,,,
2011-11-21,,,,,
2011-11-22,,,,,
2011-11-23,,,,,
2011-11-24,,,,,
2011-11-25,,,,,
2011-11-28,,,,,
2011-11-29,,,,,
2011-11-30,,,,,
2011-12-01,,,,,
2011-12-02,,,,,
2011-12-05,,,,,
2011-12-07,,,,,
2011-12-08,,,,,
2011-12-09,,,,,
2011-12-12,,,,,
2011-12-13,,,,,
2011-12-14,,,,,
2011-12-15,,,,,
2011-12-16,,,,,
2011-12-19,,,,,
2011-12-20,,,,,
2011-12-21,,,,,
2011-12-22,,,,,
2011-12-23,,,,,
2011-12-26,,,,,
2011-12-27,,,,,
2011-12-28,,,,,
2011-12-29,,,,,
2011-12-30,,,,,
2012-01-02,,,,,
2012-01-03,,,,,
2012-01-04,,,,,
2012-01-05,,,,,
2012-01-06,,,,,
2012-01-09,,,,,
2012-01-10,,,,,
2012-01-11,,,,,
2012-01-12,,,,,
2012-01-13,,,,,
2012-01-16,,,,,
2012-01-17,,,,,
2012-01-18,,,,,
2012-01-19,,,,,
2012-01-20,,,,,
2012-01-23,,,,,
2012-01-24,,,,,
2012-01-25,,,,,
2012-01-27,,,,,
2012-01-30,,,,,
2012-01-31,,,,,
2012-02-01,,,,,
2012-02-02,,,,,
2012-02-03,,,,,
2012-02-06,,,,,
2012-02-07,,,,,
2012-02-08,,,,,
2012-02-09,,,,,
2012-02-10,,,,,
2012-02-13,,,,,
2012-02-14,,,,,
2012-02-15,,,,,
2012-02-16,,,,,
2012-02-17,,,,,
2012-02-21,,,,,
2012-02-22,,,,,
2012-02-23,,,,,
2012-02-24,,,,,
2012-02-27,,,,,
2012-02-28,,,,,
2012-02-29,,,,,
2012-03-01,,,,,
2012-03-02,,,,,
2012-03-05,,,,,
2012-03-06,,,,,
2012-03-07,,,,,
2012-03-09,,,,,
2012-03-12,,,,,
2012-03-13,,,,,
2012-03-14,,,,,
2012-03-15,,,,,
2012-03-16,,,,,
2012-03-19,,,,,
2012-03-20,,,,,
2012-03-21,,,,,
2012-03-22,,,,,
2012-03-23,,,,,
2012-03-26,,,,,
2012-03-27,,,,,
2012-03-28,,,,,
2012-03-29,,,,,
2012-03-30,,,,,
2012-04-02,,,,,
2012-04-03,,,,,
2012-04-04,,,,,
2012-04-09,,,,,
2012-04-10,,,,,
2012-04-11,,,,,
2012-04-12,,,,,
2012-04-13,,,,,
2012-04-16,,,,,
2012-04-17,,,,,
2012-04-18,,,,,
2012-04-19,,,,,
2012-04-20,,,,,
2012-04-23,,,,,
2012-04-24,,,,,
2012-04-25,,,,,
2012-04-26,,,,,
2012-04-27,,,,,
2012-04-30,,,,,
2012-05-02,,,,,
2012-05-03,,,,,
2012-05-04,,,,,
2012-05-07,,,,,
2012-05-08,,,,,
2012-05-09,,,,,
2012-05-10,,,,,
2012-05-11,,,,,
2012-05-14,,,,,
2012-05-15,,,,,
2012-05-16,,,,,
2012-05-17,,,,,
2012-05-18,,,,,
2012-05-21,,,,,
2012-05-22,,,,,
2012-05-23,,,,,
2012-05-24,,,,,
2012-05-25,,,,,
2012-05-28,,,,,
2012-05-29,,,,,
2012-05-30,,,,,
2012-05-31,,,,,
2012-06-01,,,,,
2012-06-04,,,,,
2012-06-05,,,,,
2012-06-06,,,,,
2012-06-07,,,,,
2012-06-08,,,,,
2012-06-11,,,,,
2012-06-12,,,,,
2012-06-13,,,,,
2012-06-14,,,,,
2012-06-15,,,,,
2012-06-18,,,,,
2012-06-19,,,,,
2012-06-20,,,,,
2012-06-21,,,,,
2012-06-22,,,,,
2012-06-25,,,,,
2012-06-26,,,,,
2012-06-27,,,,,
2012-06-28,,,,,
2012-06-29,,,,,
2012-07-02,,,,,
2012-07-03,,,,,
2012-07-04,,,,,
2012-07-05,,,,,
2012-07-06,,,,,
2012-07-09,,,,,
2012-07-10,,,,,
2012-07-11,,,,,
2012-07-12,,,,,
2012-07-13,,,,,
2012-07-16,,,,,
2012-07-17,,,,,
2012-07-18,,,,,
2012-07-19,,,,,
2012-07-20,,,,,
2012-07-23,,,,,
2012-07-24,,,,,
2012-07-25,,,,,
2012-07-26,,,,,
2012-07-27,,,,,
2012-07-30,,,,,
2012-07-31,,,,,
2012-08-01,,,,,
2012-08-02,,,,,
2012-08-03,,,,,
2012-08-06,,,,,
2012-08-07,,,,,
2012-08-08,,,,,
2012-08-09,,,,,
2012-08-10,,,,,
2012-08-13,,,,,
2012-08-14,,,,,
2012-08-16,,,,,
2012-08-17,,,,,
2012-08-21,,,,,
2012-08-22,,,,,
2012-08-23,,,,,
2012-08-24,,,,,
2012-08-27,,,,,
2012-08-28,,,,,
2012-08-29,,,,,
2012-08-30,,,,,
2012-08-31,,,,,
2012-09-03,,,,,
2012-09-04,,,,,
2012-09-05,,,,,
2012-09-06,,,,,
2012-09-07,,,,,
2012-09-10,,,,,
2012-09-11,,,,,
2012-09-12,,,,,
2012-09-13,,,,,
2012-09-14,,,,,
2012-09-17,,,,,
2012-09-18,,,,,
2012-09-20,,,,,
2012-09-21,,,,,
2012-09-24,,,,,
2012-09-25,,,,,
2012-09-26,,,,,
2012-09-27,,,,,
2012-09-28,,,,,
2012-10-01,,,,,
2012-10-03,,,,,
2012-10-04,,,,,
2012-10-05,,,,,
2012-10-08,,,,,
2012-10-09,,,,,
2012-10-10,,,,,
2012-10-11,,,,,
2012-10-12,,,,,
2012-10-15,,,,,
2012-10-16,,,,,
2012-10-17,,,,,
2012-10-18,,,,,
2012-10-19,,,,,
2012-10-22,,,,,
2012-10-23,,,,,
2012-10-25,,,,,
2012-10-29,,,,,
2012-10-30,,,,,
2012-10-31,,,,,
2012-11-01,,,,,
2012-11-02,,,,,
2012-11-05,,,,,
2012-11-06,,,,,
2012-11-07,,,,,
2012-11-08,,,,,
2012-11-09,,,,,
2012-11-12,,,,,
2012-11-15,,,,,
2012-11-16,,,,,
2012-11-19,,,,,
2012-11-20,,,,,
2012-11-21,,,,,
2012-11-22,,,,,
2012-11-23,,,,,
2012-11-26,,,,,
2012-11-27,,,,,
2012-11-29,,,,,
2012-11-30,,,,,
2012-12-03,,,,,
2012-12-04,,,,,
2012-12-05,,,,,
2012-12-06,,,,,
2012-12-07,,,,,
2012-12-10,,,,,
2012-12-11,,,,,
2012-12-12,,,,,
2012-12-13,,,,,
2012-12-14,,,,,
2012-12-17,,,,,
2012-12-18,,,,,
2012-12-19,,,,,
2012-12-20,,,,,
2012-12-21,,,,,
2012-12-24,,,,,
2012-12-26,,,,,
2012-12-27,,,,,
2012-12-28,,,,,
2012-12-31,,,,,
2013-01-01,,,,,
2013-01-02,,,,,
2013-01-03,,,,,
2013-01-04,,,,,
2013-01-07,,,,,
2013-01-08,,,,,
2013-01-09,,,,,
2013-01-10,,,,,
2013-01-11,,,,,
2013-01-14,,,,,
2013-01-15,,,,,
2013-01-16,,,,,
2013-01-17,,,,,
2013-01-18,,,,,
2013-01-21,,,,,
2013-01-22,,,,,
2013-01-23,,,,,
2013-01-24,,,,,
2013-01-25,,,,,
2013-01-28,,,,,
2013-01-29,,,,,
2013-01-30,,,,,
2013-01-31,,,,,
2013-02-01,,,,,
2013-02-04,,,,,
2013-02-05,,,,,
2013-02-06,,,,,
2013-02-07,,,,,
2013-02-08,,,,,
2013-02-11,,,,,
2013-02-12,,,,,
2013-02-13,,,,,
2013-02-14,,,,,
2013-02-15,,,,,
2013-02-18,,,,,
2013-02-19,,,,,
2013-02-20,,,,,
2013-02-21,,,,,
2013-02-22,,,,,
2013-02-25,,,,,
2013-02-26,,,,,
2013-02-27,,,,,
2013-02-28,,,,,
2013-03-01,,,,,
2013-03-04,,,,,
2013-03-05,,,,,
2013-03-06,,,,,
2013-03-07,,,,,
2013-03-08,,,,,
2013-03-11,,,,,
2013-03-12,,,,,
2013-03-13,,,,,
2013-03-14,,,,,
2013-03-15,,,,,
2013-03-18,,,,,
2013-03-19,,,,,
2013-03-20,,,,,
2013-03-21,,,,,
2013-03-22,,,,,
2013-03-25,,,,,
2013-03-26,,,,,
2013-03-28,,,,,
2013-04-01,,,,,
2013-04-02,,,,,
2013-04-03,,,,,
2013-04-04,,,,,
2013-04-05,,,,,
2013-04-08,,,,,
2013-04-09,,,,,
2013-04-10,,,,,
2013-04-11,,,,,
2013-04-12,,,,,
2013-04-15,,,,,
2013-04-16,,,,,
2013-04-17,,,,,
2013-04-18,,,,,
2013-04-22,,,,,
2013-04-23,,,,,
2013-04-25,,,,,
2013-04-26,,,,,
2013-04-29,,,,,
2013-04-30,,,,,
2013-05-02,,,,,
2013-05-03,,,,,
2013-05-06,,,,,
2013-05-07,,,,,
2013-05-08,,,,,
2013-05-09,,,,,
2013-05-10,,,,,
2013-05-13,,,,,
2013-05-14,,,,,
2013-05-15,,,,,
2013-05-16,,,,,
2013-05-17,,,,,
2013-05-20,,,,,
2013-05-21,,,,,
2013-05-22,,,,,
2013-05-23,,,,,
2013-05-24,,,,,
2013-05-27,,,,,
2013-05-28,,,,,
2013-05-29,,,,,
2013-05-30,,,,,
2013-05-31,,,,,
2013-06-03,,,,,
2013-06-04,,,,,
2013-06-05,,,,,
2013-06-06,,,,,
2013-06-07,,,,,
2013-06-10,,,,,
2013-06-11,,,,,
2013-06-12,,,,,
2013-06-13,,,,,
2013-06-14,,,,,
2013-06-17,,,,,
2013-06-18,,,,,
2013-06-19,,,,,
2013-06-20,,,,,
2013-06-21,,,,,
2013-06-24,,,,,
2013-06-25,,,,,
2013-06-26,,,,,
2013-06-27,,,,,
2013-06-28,,,,,
2013-07-01,,,,,
2013-07-02,,,,,
2013-07-03,,,,,
2013-07-04,,,,,
2013-07-05,,,,,
2013-07-08,,,,,
2013-07-09,,,,,
2013-07-10,,,,,
2013-07-11,,,,,
2013-07-12,,,,,
2013-07-15,,,,,
2013-07-16,,,,,
2013-07-17,,,,,
2013-07-18,,,,,
2013-07-19,,,,,
2013-07-22,,,,,
2013-07-23,,,,,
2013-07-24,,,,,
2013-07-25,,,,,
2013-07-26,,,,,
2013-07-29,,,,,
2013-07-30,,,,,
2013-07-31,,,,,
2013-08-01,,,,,
2013-08-02,,,,,
2013-08-05,,,,,
2013-08-06,,,,,
2013-08-07,,,,,
2013-08-08,,,,,
2013-08-12,,,,,
2013-08-13,,,,,
2013-08-14,,,,,
2013-08-16,,,,,
2013-08-19,,,,,
2013-08-20,,,,,
2013-08-21,,,,,
2013-08-22,,,,,
2013-08-23,,,,,
2013-08-26,,,,,
2013-08-27,,,,,
2013-08-28,,,,,
2013-08-29,,,,,
2013-08-30,,,,,
2013-09-02,,,,,
2013-09-03,,,,,
2013-09-04,,,,,
2013-09-05,,,,,
2013-09-06,,,,,
2013-09-10,,,,,
2013-09-11,,,,,
2013-09-12,,,,,
2013-09-13,,,,,
2013-09-16,,,,,
2013-09-17,,,,,
2013-09-18,,,,,
2013-09-19,,,,,
2013-09-20,,,,,
2013-09-23,,,,,
2013-09-24,,,,,
2013-09-25,,,,,
2013-09-26,,,,,
2013-09-27,,,,,
2013-09-30,,,,,
2013-10-01,,,,,
2013-10-03,,,,,
2013-10-04,,,,,
2013-10-07,,,,,
2013-10-08,,,,,
2013-10-09,,,,,
2013-10-10,,,,,
2013-10-11,,,,,
2013-10-14,,,,,
2013-10-15,,,,,
2013-10-17,,,,,
2013-10-18,,,,,
2013-10-21,,,,,
2013-10-22,,,,,
2013-10-23,,,,,
2013-10-24,,,,,
2013-10-25,,,,,
2013-10-28,,,,,
2013-10-29,,,,,
2013-10-30,,,,,
2013-10-31,,,,,
2013-11-01,,,,,
2013-11-05,,,,,
2013-11-06,,,,,
2013-11-07,,,,,
2013-11-08,,,,,
2013-11-11,,,,,
2013-11-12,,,,,
2013-11-13,,,,,
2013-11-14,,,,,
2013-11-18,,,,,
2013-11-19,,,,,
2013-11-20,,,,,
2013-11-21,,,,,
2013-11-22,,,,,
2013-11-25,,,,,
2013-11-26,,,,,
2013-11-27,,,,,
2013-11-28,,,,,
2013-11-29,,,,,
2013-12-02,,,,,
2013-12-03,,,,,
2013-12-04,,,,,
2013-12-05,,,,,
2013-12-06,,,,,
2013-12-09,,,,,
2013-12-10,,,,,
2013-12-11,,,,,
2013-12-12,,,,,
2013-12-13,,,,,
2013-12-16,,,,,
2013-12-17,,,,,
2013-12-18,,,,,
2013-12-19,,,,,
2013-12-20,,,,,
2013-12-23,,,,,
2013-12-24,,,,,
2013-12-26,,,,,
2013-12-27,,,,,
2013-12-30,,,,,
2013-12-31,,,,,
2014-01-01,,,,,
2014-01-02,,,,,
2014-01-03,,,,,
2014-01-06,,,,,
2014-01-07,,,,,
2014-01-08,,,,,
2014-01-09,,,,,
2014-01-10,,,,,
2014-01-13,,,,,
2014-01-14,,,,,
2014-01-15,,,,,
2014-01-16,,,,,
2014-01-17,,,,,
2014-01-20,,,,,
2014-01-21,,,,,
2014-01-22,,,,,
2014-01-23,,,,,
2014-01-24,,,,,
2014-01-27,,,,,
2014-01-28,,,,,
2014-01-29,,,,,
2014-01-30,,,,,
2014-01-31,,,,,
2014-02-03,,,,,
2014-02-04,,,,,
2014-02-05,,,,,
2014-02-06,,,,,
2014-02-07,,,,,
2014-02-10,,,,,
2014-02-11,,,,,
2014-02-12,,,,,
2014-02-13,,,,,
2014-02-14,,,,,
2014-02-17,,,,,
2014-02-18,,,,,
2014-02-19,,,,,
2014-02-20,,,,,
2014-02-21,,,,,
2014-02-24,,,,,
2014-02-25,,,,,
2014-02-26,,,,,
2014-02-28,,,,,
2014-03-03,,,,,
2014-03-04,,,,,
2014-03-05,,,,,
2014-03-06,,,,,
2014-03-07,,,,,
2014-03-10,,,,,
2014-03-11,,,,,
2014-03-12,,,,,
2014-03-13,,,,,
2014-03-14,,,,,
2014-03-18,,,,,
2014-03-19,,,,,
2014-03-20,,,,,
2014-03-21,,,,,
2014-03-24,,,,,
2014-03-25,,,,,
2014-03-26,,,,,
2014-03-27,,,,,
2014-03-28,,,,,
2014-03-31,,,,,
2014-04-01,,,,,
2014-04-02,,,,,
2014-04-03,,,,,
2014-04-04,,,,,
2014-04-07,,,,,
2014-04-09,,,,,
2014-04-10,,,,,
2014-04-11,,,,,
2014-04-15,,,,,
2014-04-16,,,,,
2014-04-17,,,,,
2014-04-21,,,,,
2014-04-22,,,,,
2014-04-23,,,,,
2014-04-24,,,,,
2014-04-25,,,,,
2014-04-28,,,,,
2014-04-29,,,,,
2014-04-30,,,,,
2014-05-02,,,,,
2014-05-05,,,,,
2014-05-06,,,,,
2014-05-07,,,,,
2014-05-08,,,,,
2014-05-09,,,,,
2014-05-12,,,,,
2014-05-13,,,,,
2014-05-14,,,,,
2014-05-15,,,,,
2014-05-16,,,,,
2014-05-19,,,,,
2014-05-20,,,,,
2014-05-21,,,,,
2014-05-22,,,,,
2014-05-23,,,,,
2014-05-26,,,,,
2014-05-27,,,,,
2014-05-28,,,,,
2014-05-29,,,,,
2014-05-30,,,,,
2014-06-02,,,,,
2014-06-03,,,,,
2014-06-04,,,,,
2014-06-05,,,,,
2014-06-06,,,,,
2014-06-09,,,,,
2014-06-10,,,,,
2014-06-11,,,,,
2014-06-12,,,,,
2014-06-13,,,,,
2014-06-16,,,,,
2014-06-17,,,,,
2014-06-18,,,,,
2014-06-19,,,,,
2014-06-20,,,,,
2014-06-23,,,,,
2014-06-24,,,,,
2014-06-25,,,,,
2014-06-26,,,,,
2014-06-27,,,,,
2014-06-30,,,,,
2014-07-01,,,,,
2014-07-02,,,,,
2014-07-03,,,,,
2014-07-04,,,,,
2014-07-07,,,,,
2014-07-08,,,,,
2014-07-09,,,,,
2014-07-10,,,,,
2014-07-11,,,,,
2014-07-14,,,,,
2014-07-15,,,,,
2014-07-16,,,,,
2014-07-17,,,,,
2014-07-18,,,,,
2014-07-21,,,,,
2014-07-22,,,,,
2014-07-23,,,,,
2014-07-24,,,,,
2014-07-25,,,,,
2014-07-28,,,,,
2014-07-30,,,,,
2014-07-31,,,,,
2014-08-01,,,,,
2014-08-04,,,,,
2014-08-05,,,,,
2014-08-06,,,,,
2014-08-07,,,,,
2014-08-08,,,,,
2014-08-11,,,,,
2014-08-12,,,,,
2014-08-13,,,,,
2014-08-14,,,,,
2014-08-18,,,,,
2014-08-19,,,,,
2014-08-20,,,,,
2014-08-21,,,,,
2014-08-22,,,,,
2014-08-25,,,,,
2014-08-26,,,,,
2014-08-27,,,,,
2014-08-28,,,,,
2014-09-01,,,,,
2014-09-02,,,,,
2014-09-03,,,,,
2014-09-04,,,,,
2014-09-05,,,,,
2014-09-08,,,,,
2014-09-09,,,,,
2014-09-10,,,,,
2014-09-11,,,,,
2014-09-12,,,,,
2014-09-15,,,,,
2014-09-16,,,,,
2014-09-17,,,,,
2014-09-18,,,,,
2014-09-19,,,,,
2014-09-22,,,,,
2014-09-23,,,,,
2014-09-24,,,,,
2014-09-25,,,,,
2014-09-26,,,,,
2014-09-29,,,,,
2014-09-30,,,,,
2014-10-01,,,,,
2014-10-07,,,,,
2014-10-08,,,,,
2014-10-09,,,,,
2014-10-10,,,,,
2014-10-13,,,,,
2014-10-14,,,,,
2014-10-15,,,,,
2014-10-16,,,,,
2014-10-17,,,,,
2014-10-20,,,,,
2014-10-21,,,,,
2014-10-22,,,,,
2014-10-27,,,,,
2014-10-28,,,,,
2014-10-29,,,,,
2014-10-30,,,,,
2014-10-31,,,,,
2014-11-03,,,,,
2014-11-05,,,,,
2014-11-07,,,,,
2014-11-10,,,,,
2014-11-11,,,,,
2014-11-12,,,,,
2014-11-13,,,,,
2014-11-14,,,,,
2014-11-17,,,,,
2014-11-18,,,,,
2014-11-19,,,,,
2014-11-20,,,,,
2014-11-21,,,,,
2014-11-24,,,,,
2014-11-25,,,,,
2014-11-26,,,,,
2014-11-27,,,,,
2014-11-28,,,,,
2014-12-01,,,,,
2014-12-02,,,,,
2014-12-03,,,,,
2014-12-04,,,,,
2014-12-05,,,,,
2014-12-08,,,,,
2014-12-09,,,,,
2014-12-10,,,,,
2014-12-11,,,,,
2014-12-12,,,,,
2014-12-15,,,,,
2014-12-16,,,,,
2014-12-17,,,,,
2014-12-18,,,,,
2014-12-19,,,,,
2014-12-22,,,,,
2014-12-23,,,,,
2014-12-24,,,,,
2014-12-26,,,,,
2014-12-29,,,,,
2014-12-30,,,,,
2014-12-31,,,,,
2015-01-01,,,,,
2015-01-02,,,,,
2015-01-05,,,,,
2015-01-06,,,,,
2015-01-07,,,,,
2015-01-08,,,,,
2015-01-09,,,,,
2015-01-12,,,,,
2015-01-13,,,,,
2015-01-14,,,,,
2015-01-15,,,,,
2015-01-16,,,,,
2015-01-19,,,,,
2015-01-20,,,,,
2015-01-21,,,,,
2015-01-22,,,,,
2015-01-23,,,,,
2015-01-27,,,,,
2015-01-28,,,,,
2015-01-29,,,,,
2015-01-30,,,,,
2015-02-02,,,,,
2015-02-03,,,,,
2015-02-04,,,,,
2015-02-05,,,,,
2015-02-06,,,,,
2015-02-09,,,,,
2015-02-10,,,,,
2015-02-11,,,,,
2015-02-12,,,,,
2015-02-13,,,,,
2015-02-16,,,,,
2015-02-18,,,,,
2015-02-19,,,,,
2015-02-20,,,,,
2015-02-23,,,,,
2015-02-24,,,,,
2015-02-25,,,,,
2015-02-26,,,,,
2015-02-27,,,,,
2015-03-02,,,,,
2015-03-03,,,,,
2015-03-04,,,,,
2015-03-05,,,,,
2015-03-09,,,,,
2015-03-10,,,,,
2015-03-11,,,,,
2015-03-12,,,,,
2015-03-13,,,,,
2015-03-16,,,,,
2015-03-17,,,,,
2015-03-18,,,,,
2015-03-19,,,,,
2015-03-20,,,,,
2015-03-23,,,,,
2015-03-24,,,,,
2015-03-25,,,,,
2015-03-26,,,,,
2015-03-27,,,,,
2015-03-30,,,,,
2015-03-31,,,,,
2015-04-01,,,,,
2015-04-06,,,,,
2015-04-07,,,,,
2015-04-08,,,,,
2015-04-09,,,,,
2015-04-10,,,,,
2015-04-13,,,,,
2015-04-15,,,,,
2015-04-16,,,,,
2015-04-17,,,,,
2015-04-20,,,,,
2015-04-21,,,,,
2015-04-22,,,,,
2015-04-23,,,,,
2015-04-24,,,,,
2015-04-27,,,,,
2015-04-28,,,,,
2015-04-29,,,,,
2015-04-30,,,,,
2015-05-04,,,,,
2015-05-05,,,,,
2015-05-06,,,,,
2015-05-07,,,,,
2015-05-08,,,,,
2015-05-11,,,,,
2015-05-12,,,,,
2015-05-13,,,,,
2015-05-14,,,,,
2015-05-15,,,,,
2015-05-18,,,,,
2015-05-19,,,,,
2015-05-20,,,,,
2015-05-21,,,,,
2015-05-22,,,,,
2015-05-25,,,,,
2015-05-26,,,,,
2015-05-27,,,,,
2015-05-28,,,,,
2015-05-29,,,,,
2015-06-01,,,,,
2015-06-02,,,,,
2015-06-03,,,,,
2015-06-04,,,,,
2015-06-05,,,,,
2015-06-08,,,,,
2015-06-09,,,,,
2015-06-10,,,,,
2015-06-11,,,,,
2015-06-12,,,,,
2015-06-15,,,,,
2015-06-16,,,,,
2015-06-17,,,,,
2015-06-18,,,,,
2015-06-19,,,,,
2015-06-22,,,,,
2015-06-23,,,,,
2015-06-24,,,,,
2015-06-25,,,,,
2015-06-26,,,,,
2015-06-29,,,,,
2015-06-30,,,,,
2015-07-01,,,,,
2015-07-02,,,,,
2015-07-03,,,,,
2015-07-06,,,,,
2015-07-07,,,,,
2015-07-08,,,,,
2015-07-09,,,,,
2015-07-10,,,,,
2015-07-13,,,,,
2015-07-14,,,,,
2015-07-15,,,,,
2015-07-16,,,,,
2015-07-17,,,,,
2015-07-20,,,,,
2015-07-21,,,,,
2015-07-22,,,,,
2015-07-23,,,,,
2015-07-24,,,,,
2015-07-27,,,,,
2015-07-28,,,,,
2015-07-29,,,,,
2015-07-30,,,,,
2015-07-31,,,,,
2015-08-03,,,,,
2015-08-04,,,,,
2015-08-05,,,,,
2015-08-06,,,,,
2015-08-07,,,,,
2015-08-10,,,,,
2015-08-11,,,,,
2015-08-12,,,,,
2015-08-13,,,,,
2015-08-14,,,,,
2015-08-17,,,,,
2015-08-18,,,,,
2015-08-19,,,,,
2015-08-20,,,,,
2015-08-21,,,,,
2015-08-24,,,,,
2015-08-25,,,,,
2015-08-26,,,,,
2015-08-27,,,,,
2015-08-28,,,,,
2015-08-31,,,,,
2015-09-01,,,,,
2015-09-02,,,,,
2015-09-03,,,,,
2015-09-04,,,,,
2015-09-07,,,,,
2015-09-08,,,,,
2015-09-09,,,,,
2015-09-10,,,,,
2015-09-11,,,,,
2015-09-14,,,,,
2015-09-15,,,,,
2015-09-16,,,,,
2015-09-18,,,,,
2015-09-21,,,,,
2015-09-22,,,,,
2015-09-23,,,,,
2015-09-24,,,,,
2015-09-28,,,,,
2015-09-29,,,,,
2015-09-30,,,,,
2015-10-01,,,,,
2015-10-05,,,,,
2015-10-06,,,,,
2015-10-07,,,,,
2015-10-08,,,,,
2015-10-09,,,,,
2015-10-12,,,,,
2015-10-13,,,,,
2015-10-14,,,,,
2015-10-15,,,,,
2015-10-16,,,,,
2015-10-19,,,,,
2015-10-20,,,,,
2015-10-21,,,,,
2015-10-23,,,,,
2015-10-26,,,,,
2015-10-27,,,,,
2015-10-28,,,,,
2015-10-29,,,,,
2015-10-30,,,,,
2015-11-02,,,,,
2015-11-03,,,,,
2015-11-04,,,,,
2015-11-05,,,,,
2015-11-06,,,,,
2015-11-09,,,,,
2015-11-10,,,,,
2015-11-13,,,,,
2015-11-16,,,,,
2015-11-17,,,,,
2015-11-18,,,,,
2015-11-19,,,,,
2015-11-20,,,,,
2015-11-23,,,,,
2015-11-24,,,,,
2015-11-26,,,,,
2015-11-27,,,,,
2015-11-30,,,,,
2015-12-01,,,,,
2015-12-02,,,,,
2015-12-03,,,,,
2015-12-04,,,,,
2015-12-07,,,,,
2015-12-08,,,,,
2015-12-09,,,,,
2015-12-10,,,,,
2015-12-11,,,,,
2015-12-14,,,,,
2015-12-15,,,,,
2015-12-16,,,,,
2015-12-17,,,,,
2015-12-18,,,,,
2015-12-21,,,,,
2015-12-22,,,,,
2015-12-23,,,,,
2015-12-24,,,,,
2015-12-28,,,,,
2015-12-29,,,,,
2015-12-30,,,,,
2015-12-31,,,,,
2016-01-01,,,,,
2016-01-04,,,,,
2016-01-05,,,,,
2016-01-06,,,,,
2016-01-07,,,,,
2016-01-08,,,,,
2016-01-11,,,,,
2016-01-12,,,,,
2016-01-13,,,,,
2016-01-14,,,,,
2016-01-15,,,,,
2016-01-18,,,,,
2016-01-19,,,,,
2016-01-20,,,,,
2016-01-21,,,,,
2016-01-22,,,,,
2016-01-25,,,,,
2016-01-27,,,,,
2016-01-28,,,,,
2016-01-29,,,,,
2016-02-01,,,,,
2016-02-02,,,,,
2016-02-03,,,,,
2016-02-04,,,,,
2016-02-05,,,,,
2016-02-08,,,,,
2016-02-09,,,,,
2016-02-10,,,,,
2016-02-11,,,,,
2016-02-12,,,,,
2016-02-15,,,,,
2016-02-16,,,,,
2016-02-17,,,,,
2016-02-18,,,,,
2016-02-19,,,,,
2016-02-22,,,,,
2016-02-23,,,,,
2016-02-24,,,,,
2016-02-25,,,,,
2016-02-26,,,,,
2016-02-29,,,,,
2016-03-01,,,,,
2016-03-02,,,,,
2016-03-03,,,,,
2016-03-04,,,,,
2016-03-08,,,,,
2016-03-09,,,,,
2016-03-10,,,,,
2016-03-11,,,,,
2016-03-14,,,,,
2016-03-15,,,,,
2016-03-16,,,,,
2016-03-17,,,,,
2016-03-18,,,,,
2016-03-21,,,,,
2016-03-22,,,,,
2016-03-23,,,,,
2016-03-28,,,,,
2016-03-29,,,,,
2016-03-30,,,,,
2016-03-31,,,,,
2016-04-01,,,,,
2016-04-04,,,,,
2016-04-05,,,,,
2016-04-06,,,,,
2016-04-07,,,,,
2016-04-08,,,,,
2016-04-11,,,,,
2016-04-12,,,,,
2016-04-13,,,,,
2016-04-18,,,,,
2016-04-20,,,,,
2016-04-21,,,,,
2016-04-22,,,,,
2016-04-25,,,,,
2016-04-26,,,,,
2016-04-27,,,,,
2016-04-28,,,,,
2016-04-29,,,,,
2016-05-02,,,,,
2016-05-03,,,,,
2016-05-04,,,,,
2016-05-05,,,,,
2016-05-06,,,,,
2016-05-09,,,,,
2016-05-10,,,,,
2016-05-11,,,,,
2016-05-12,,,,,
2016-05-13,,,,,
2016-05-16,,,,,
2016-05-17,,,,,
2016-05-18,,,,,
2016-05-19,,,,,
2016-05-20,,,,,
2016-05-23,,,,,
2016-05-24,,,,,
2016-05-25,,,,,
2016-05-26,,,,,
2016-05-27,,,,,
2016-05-30,,,,,
2016-05-31,,,,,
2016-06-01,,,,,
2016-06-02,,,,,
2016-06-03,,,,,
2016-06-06,,,,,
2016-06-07,,,,,
2016-06-08,,,,,
2016-06-09,,,,,
2016-06-10,,,,,
2016-06-13,,,,,
2016-06-14,,,,,
2016-06-15,,,,,
2016-06-16,,,,,
2016-06-17,,,,,
2016-06-20,,,,,
2016-06-21,,,,,
2016-06-22,,,,,
2016-06-23,,,,,
2016-06-24,,,,,
2016-06-27,,,,,
2016-06-28,,,,,
2016-06-29,,,,,
2016-06-30,,,,,
2016-07-01,,,,,
2016-07-04,,,,,
2016-07-05,,,,,
2016-07-07,,,,,
2016-07-08,,,,,
2016-07-11,,,,,
2016-07-12,,,,,
2016-07-13,,,,,
2016-07-14,,,,,
2016-07-15,,,,,
2016-07-18,,,,,
2016-07-19,,,,,
2016-07-20,,,,,
2016-07-21,,,,,
2016-07-22,,,,,
2016-07-25,,,,,
2016-07-26,,,,,
2016-07-27,,,,,
2016-07-28,,,,,
2016-07-29,,,,,
2016-08-01,,,,,
2016-08-02,,,,,
2016-08-03,,,,,
2016-08-04,,,,,
2016-08-05,,,,,
2016-08-08,,,,,
2016-08-09,,,,,
2016-08-10,,,,,
2016-08-11,,,,,
2016-08-12,,,,,
2016-08-16,,,,,
2016-08-17,,,,,
2016-08-18,,,,,
2016-08-19,,,,,
2016-08-22,,,,,
2016-08-23,,,,,
2016-08-24,,,,,
2016-08-25,,,,,
2016-08-26,,,,,
2016-08-29,,,,,
2016-08-30,,,,,
2016-08-31,,,,,
2016-09-01,,,,,
2016-09-02,,,,,
2016-09-06,,,,,
2016-09-07,,,,,
2016-09-08,,,,,
2016-09-09,,,,,
2016-09-12,,,,,
2016-09-14,,,,,
2016-09-15,,,,,
2016-09-16,,,,,
2016-09-19,,,,,
2016-09-20,,,,,
2016-09-21,,,,,
2016-09-22,,,,,
2016-09-23,,,,,
2016-09-26,,,,,
2016-09-27,,,,,
2016-09-28,,,,,
2016-09-29,,,,,
2016-09-30,,,,,
2016-10-03,,,,,
2016-10-04,,,,,
2016-10-05,,,,,
2016-10-06,,,,,
2016-10-07,,,,,
2016-10-10,,,,,
2016-10-13,,,,,
2016-10-14,,,,,
2016-10-17,,,,,
2016-10-18,,,,,
2016-10-19,,,,,
2016-10-20,,,,,
2016-10-21,,,,,
2016-10-24,,,,,
2016-10-25,,,,,
2016-10-26,,,,,
2016-10-27,,,,,
2016-10-28,,,,,
2016-11-01,,,,,
2016-11-02,,,,,
2016-11-03,,,,,
2016-11-04,,,,,
2016-11-07,,,,,
2016-11-08,,,,,
2016-11-09,,,,,
2016-11-10,,,,,
2016-11-11,,,,,
2016-11-15,,,,,
2016-11-16,,,,,
2016-11-17,,,,,
2016-11-18,,,,,
2016-11-21,,,,,
2016-11-22,,,,,
2016-11-23,,,,,
2016-11-24,,,,,
2016-11-25,,,,,
2016-11-28,,,,,
2016-11-29,,,,,
2016-11-30,,,,,
2016-12-01,,,,,
2016-12-02,,,,,
2016-12-05,,,,,
2016-12-06,,,,,
2016-12-07,,,,,
2016-12-08,,,,,
2016-12-09,,,,,
2016-12-12,,,,,
2016-12-13,,,,,
2016-12-14,,,,,
2016-12-15,,,,,
2016-12-16,,,,,
2016-12-19,,,,,
2016-12-20,,,,,
2016-12-21,,,,,
2016-12-22,,,,,
2016-12-23,,,,,
2016-12-26,,,,,
2016-12-27,,,,,
2016-12-28,,,,,
2016-12-29,,,,,
2016-12-30,,,,,
2017-01-02,,,,,
2017-01-03,,,,,
2017-01-04,,,,,
2017-01-05,,,,,
2017-01-06,,,,,
2017-01-09,,,,,
2017-01-10,,,,,
2017-01-11,,,,,
2017-01-12,,,,,
2017-01-13,,,,,
2017-01-16,,,,,
2017-01-17,,,,,
2017-01-18,,,,,
2017-01-19,,,,,
2017-01-20,,,,,
2017-01-23,,,,,
2017-01-24,,,,,
2017-01-25,,,,,
2017-01-27,,,,,
2017-01-30,,,,,
2017-01-31,,,,,
2017-02-01,,,,,
2017-02-02,,,,,
2017-02-03,,,,,
2017-02-06,,,,,
2017-02-07,,,,,
2017-02-08,,,,,
2017-02-09,,,,,
2017-02-10,,,,,
2017-02-13,,,,,
2017-02-14,,,,,
2017-02-15,,,,,
2017-02-16,,,,,
2017-02-17,,,,,
2017-02-20,,,,,
2017-02-21,,,,,
2017-02-22,,,,,
2017-02-23,,,,,
2017-02-27,,,,,
2017-02-28,,,,,
2017-03-01,,,,,
2017-03-02,,,,,
2017-03-03,,,,,
2017-03-06,,,,,
2017-03-07,,,,,
2017-03-08,,,,,
2017-03-09,,,,,
2017-03-10,,,,,
2017-03-14,,,,,
2017-03-15,,,,,
2017-03-16,,,,,
2017-03-17,,,,,
2017-03-20,,,,,
2017-03-21,,,,,
2017-03-22,,,,,
2017-03-23,,,,,
2017-03-24,,,,,
2017-03-27,,,,,
2017-03-28,,,,,
2017-03-29,,,,,
2017-03-30,,,,,
2017-03-31,,,,,
2017-04-03,,,,,
2017-04-05,,,,,
2017-04-06,,,,,
2017-04-07,,,,,
2017-04-10,,,,,
2017-04-11,,,,,
2017-04-12,,,,,
2017-04-13,,,,,
2017-04-17,,,,,
2017-04-18,,,,,
2017-04-19,,,,,
2017-04-20,,,,,
2017-04-21,,,,,
2017-04-24,,,,,
2017-04-25,,,,,
2017-04-26,,,,,
2017-04-27,,,,,
2017-04-28,,,,,
2017-05-02,,,,,
2017-05-03,,,,,
2017-05-04,,,,,
2017-05-05,,,,,
2017-05-08,,,,,
2017-05-09,,,,,
2017-05-10,,,,,
2017-05-11,,,,,
2017-05-12,,,,,
2017-05-15,,,,,
2017-05-16,,,,,
2017-05-17,,,,,
2017-05-18,,,,,
2017-05-19,,,,,
2017-05-22,,,,,
2017-05-23,,,,,
2017-05-24,,,,,
2017-05-25,,,,,
2017-05-26,,,,,
2017-05-29,,,,,
2017-05-30,,,,,
2017-05-31,,,,,
2017-06-01,,,,,
2017-06-02,,,,,
2017-06-05,,,,,
2017-06-06,,,,,
2017-06-07,,,,,
2017-06-08,,,,,
2017-06-09,,,,,
2017-06-12,,,,,
2017-06-13,,,,,
2017-06-14,,,,,
2017-06-15,,,,,
2017-06-16,,,,,
2017-06-19,,,,,
2017-06-20,,,,,
2017-06-21,,,,,
2017-06-22,,,,,
2017-06-23,,,,,
2017-06-27,,,,,
2017-06-28,,,,,
2017-06-29,,,,,
2017-06-30,,,,,
2017-07-03,,,,,
2017-07-04,,,,,
2017-07-05,,,,,
2017-07-06,,,,,
2017-07-07,,,,,
2017-07-10,,,,,
2017-07-11,,,,,
2017-07-12,,,,,
2017-07-13,,,,,
2017-07-14,,,,,
2017-07-17,,,,,
2017-07-18,,,,,
2017-07-19,,,,,
2017-07-20,,,,,
2017-07-21,,,,,
2017-07-24,,,,,
2017-07-25,,,,,
2017-07-26,,,,,
2017-07-27,,,,,
2017-07-28,,,,,
2017-07-31,,,,,
2017-08-01,,,,,
2017-08-02,,,,,
2017-08-03,,,,,
2017-08-04,,,,,
2017-08-07,,,,,
2017-08-08,,,,,
2017-08-09,,,,,
2017-08-10,,,,,
2017-08-11,,,,,
2017-08-14,,,,,
2017-08-16,,,,,
2017-08-17,,,,,
2017-08-18,,,,,
2017-08-21,,,,,
2017-08-22,,,,,
2017-08-23,,,,,
2017-08-24,,,,,
2017-08-28,,,,,
2017-08-29,,,,,
2017-08-30,,,,,
2017-08-31,,,,,
2017-09-01,,,,,
2017-09-04,,,,,
2017-09-05,,,,,
2017-09-06,,,,,
2017-09-07,,,,,
2017-09-08,,,,,
2017-09-11,,,,,
2017-09-12,,,,,
2017-09-13,,,,,
2017-09-14,,,,,
2017-09-15,,,,,
2017-09-18,,,,,
2017-09-19,,,,,
2017-09-20,,,,,
2017-09-21,,,,,
2017-09-22,,,,,
2017-09-25,,,,,
2017-09-26,,,,,
2017-09-27,,,,,
2017-09-28,,,,,
2017-09-29,,,,,
2017-10-03,,,,,
2017-10-04,,,,,
2017-10-05,,,,,
2017-10-06,,,,,
2017-10-09,,,,,
2017-10-10,,,,,
2017-10-11,,,,,
2017-10-12,,,,,
2017-10-13,,,,,
2017-10-16,,,,,
2017-10-17,,,,,
2017-10-18,,,,,
2017-10-19,,,,,
2017-10-23,,,,,
2017-10-24,,,,,
2017-10-25,,,,,
2017-10-26,,,,,
2017-10-27,,,,,
2017-10-30,,,,,
2017-10-31,,,,,
2017-11-01,,,,,
2017-11-02,,,,,
2017-11-03,,,,,
2017-11-06,,,,,
2017-11-07,,,,,
2017-11-08,,,,,
2017-11-09,,,,,
2017-11-10,,,,,
2017-11-13,,,,,
2017-11-14,,,,,
2017-11-15,,,,,
2017-11-16,,,,,
2017-11-17,,,,,
2017-11-20,,,,,
2017-11-21,,,,,
2017-11-22,,,,,
2017-11-23,,,,,
2017-11-24,,,,,
2017-11-27,,,,,
2017-11-28,,,,,
2017-11-29,,,,,
2017-11-30,,,,,
2017-12-01,,,,,
2017-12-04,,,,,
2017-12-05,,,,,
2017-12-06,,,,,
2017-12-07,,,,,
2017-12-08,,,,,
2017-12-11,,,,,
2017-12-12,,,,,
2017-12-13,,,,,
2017-12-14,,,,,
2017-12-15,,,,,
2017-12-18,,,,,
2017-12-19,,,,,
2017-12-20,,,,,
2017-12-21,,,,,
2017-12-22,,,,,
2017-12-26,,,,,
2017-12-27,,,,,
2017-12-28,,,,,
2017-12-29,,,,,
2018-01-01,,,,,
2018-01-02,,,,,
2018-01-03,,,,,
2018-01-04,,,,,
2018-01-05,,,,,
2018-01-08,,,,,
2018-01-09,,,,,
2018-01-10,,,,,
2018-01-11,,,,,
2018-01-12,,,,,
2018-01-15,,,,,
2018-01-16,,,,,
2018-01-17,,,,,
2018-01-18,,,,,
2018-01-19,,,,,
2018-01-22,,,,,
2018-01-23,,,,,
2018-01-24,,,,,
2018-01-25,,,,,
2018-01-29,,,,,
2018-01-30,,,,,
2018-01-31,,,,,
2018-02-01,,,,,
2018-02-02,,,,,
2018-02-05,,,,,
2018-02-06,,,,,
2018-02-07,,,,,
2018-02-08,,,,,
2018-02-09,,,,,
2018-02-12,,,,,
2018-02-14,,,,,
2018-02-15,,,,,
2018-02-16,,,,,
2018-02-19,,,,,
2018-02-20,,,,,
2018-02-21,,,,,
2018-02-22,,,,,
2018-02-23,,,,,
2018-02-26,,,,,
2018-02-27,,,,,
2018-02-28,,,,,
2018-03-01,,,,,
2018-03-05,,,,,
2018-03-06,,,,,
2018-03-07,,,,,
2018-03-08,,,,,
2018-03-09,,,,,
2018-03-12,,,,,
2018-03-13,,,,,
2018-03-14,,,,,
2018-03-15,,,,,
2018-03-16,,,,,
2018-03-19,,,,,
2018-03-20,,,,,
2018-03-21,,,,,
2018-03-22,,,,,
2018-03-23,,,,,
2018-03-26,,,,,
2018-03-27,,,,,
2018-03-28,,,,,
2018-04-02,,,,,
2018-04-03,,,,,
2018-04-04,,,,,
2018-04-05,,,,,
2018-04-06,,,,,
2018-04-09,,,,,
2018-04-10,,,,,
2018-04-11,,,,,
2018-04-12,,,,,
2018-04-13,,,,,
2018-04-16,,,,,
2018-04-17,,,,,
2018-04-18,,,,,
2018-04-19,,,,,
2018-04-20,,,,,
2018-04-23,,,,,
2018-04-24,,,,,
2018-04-25,,,,,
2018-04-26,,,,,
2018-04-27,,,,,
2018-04-30,,,,,
2018-05-02,,,,,
2018-05-03,,,,,
2018-05-04,,,,,
2018-05-07,,,,,
2018-05-08,,,,,
2018-05-09,,,,,
2018-05-10,,,,,
2018-05-11,,,,,
2018-05-14,,,,,
2018-05-15,,,,,
2018-05-16,,,,,
2018-05-17,,,,,
2018-05-18,,,,,
2018-05-21,,,,,
2018-05-22,,,,,
2018-05-23,,,,,
2018-05-24,,,,,
2018-05-25,,,,,
2018-05-28,,,,,
2018-05-29,,,,,
2018-05-30,,,,,
2018-05-31,,,,,
2018-06-01,,,,,
2018-06-04,,,,,
2018-06-05,,,,,
2018-06-06,,,,,
2018-06-07,,,,,
2018-06-08,,,,,
2018-06-11,,,,,
2018-06-12,,,,,
2018-06-13,,,,,
2018-06-14,,,,,
2018-06-15,,,,,
2018-06-18,,,,,
2018-06-19,,,,,
2018-06-20,,,,,
2018-06-21,,,,,
2018-06-22,,,,,
2018-06-25,,,,,
2018-06-26,,,,,
2018-06-27,,,,,
2018-06-28,,,,,
2018-06-29,,,,,
2018-07-02,,,,,
2018-07-03,,,,,
2018-07-04,,,,,
2018-07-05,,,,,
2018-07-06,,,,,
2018-07-09,,,,,
2018-07-10,,,,,
2018-07-11,,,,,
2018-07-12,,,,,
2018-07-13,,,,,
2018-07-16,,,,,
2018-07-17,,,,,
2018-07-18,,,,,
2018-07-19,,,,,
2018-07-20,,,,,
2018-07-23,,,,,
2018-07-24,,,,,
2018-07-25,,,,,
2018-07-26,,,,,
2018-07-27,,,,,
2018-07-30,,,,,
2018-07-31,,,,,
2018-08-01,,,,,
2018-08-02,,,,,
2018-08-03,,,,,
2018-08-06,,,,,
2018-08-07,,,,,
2018-08-08,,,,,
2018-08-09,,,,,
2018-08-10,,,,,
2018-08-13,,,,,
2018-08-14,,,,,
2018-08-16,,,,,
2018-08-17,,,,,
2018-08-20,,,,,
2018-08-21,,,,,
2018-08-23,,,,,
2018-08-24,,,,,
2018-08-27,,,,,
2018-08-28,,,,,
2018-08-29,,,,,
2018-08-30,,,,,
2018-08-31,,,,,
2018-09-03,,,,,
2018-09-04,,,,,
2018-09-05,,,,,
2018-09-06,,,,,
2018-09-07,,,,,
2018-09-10,,,,,
2018-09-11,,,,,
2018-09-12,,,,,
2018-09-14,,,,,
2018-09-17,,,,,
2018-09-18,,,,,
2018-09-19,,,,,
2018-09-21,,,,,
2018-09-24,,,,,
2018-09-25,,,,,
2018-09-26,,,,,
2018-09-27,,,,,
2018-09-28,,,,,
2018-10-01,,,,,
2018-10-03,,,,,
2018-10-04,,,,,
2018-10-05,,,,,
2018-10-08,,,,,
2018-10-09,,,,,
2018-10-10,,,,,
2018-10-11,,,,,
2018-10-12,,,,,
2018-10-15,,,,,
2018-10-16,,,,,
2018-10-17,,,,,
2018-10-19,,,,,
2018-10-22,,,,,
2018-10-23,,,,,
2018-10-24,,,,,
2018-10-25,,,,,
2018-10-26,,,,,
2018-10-29,,,,,
2018-10-30,,,,,
2018-10-31,,,,,
2018-11-01,,,,,
2018-11-02,,,,,
2018-11-05,,,,,
2018-11-06,,,,,
2018-11-07,,,,,
2018-11-09,,,,,
2018-11-12,,,,,
2018-11-13,,,,,
2018-11-14,,,,,
2018-11-15,,,,,
2018-11-16,,,,,
2018-11-19,,,,,
2018-11-20,,,,,
2018-11-21,,,,,
2018-11-22,,,,,
2018-11-26,,,,,
2018-11-27,,,,,
2018-11-28,,,,,
2018-11-29,,,,,
2018-11-30,,,,,
2018-12-03,,,,,
2018-12-04,,,,,
2018-12-05,,,,,
2018-12-06,,,,,
2018-12-07,,,,,
2018-12-10,,,,,
2018-12-11,,,,,
2018-12-12,,,,,
2018-12-13,,,,,
2018-12-14,,,,,
2018-12-17,,,,,
2018-12-18,,,,,
2018-12-19,,,,,
2018-12-20,,,,,
2018-12-21,,,,,
2018-12-24,,,,,
2018-12-26,,,,,
2018-12-27,,,,,
2018-12-28,,,,,
2018-12-31,,,,,
2019-01-01,,,,,
2019-01-02,,,,,
2019-01-03,,,,,
2019-01-04,,,,,
2019-01-07,,,,,
2019-01-08,,,,,
2019-01-09,,,,,
2019-01-10,,,,,
2019-01-11,,,,,
2019-01-14,,,,,
2019-01-15,,,,,
2019-01-16,,,,,
2019-01-17,,,,,
2019-01-18,,,,,
2019-01-21,,,,,
2019-01-22,,,,,
2019-01-23,,,,,
2019-01-24,,,,,
2019-01-25,,,,,
2019-01-28,,,,,
2019-01-29,,,,,
2019-01-30,,,,,
2019-01-31,,,,,
2019-02-01,,,,,
2019-02-04,,,,,
2019-02-05,,,,,
2019-02-06,,,,,
2019-02-07,,,,,
2019-02-08,,,,,
2019-02-11,,,,,
2019-02-12,,,,,
2019-02-14,,,,,
2019-02-15,,,,,
2019-02-18,,,,,
2019-02-19,,,,,
2019-02-20,,,,,
2019-02-21,,,,,
2019-02-22,,,,,
2019-02-25,,,,,
2019-02-26,,,,,
2019-02-27,,,,,
2019-02-28,,,,,
2019-03-01,,,,,
2019-03-05,,,,,
2019-03-06,,,,,
2019-03-07,,,,,
2019-03-08,,,,,
2019-03-11,,,,,
2019-03-12,,,,,
2019-03-13,,,,,
2019-03-14,,,,,
2019-03-15,,,,,
2019-03-18,,,,,
2019-03-19,,,,,
2019-03-20,,,,,
2019-03-22,,,,,
2019-03-25,,,,,
2019-03-26,,,,,
2019-03-27,,,,,
2019-03-28,,,,,
2019-04-01,,,,,
2019-04-02,,,,,
2019-04-03,,,,,
2019-04-04,,,,,
2019-04-05,,,,,
2019-04-08,,,,,
2019-04-09,,,,,
2019-04-10,,,,,
2019-04-11,,,,,
2019-04-12,,,,,
2019-04-15,,,,,
2019-04-16,,,,,
2019-04-18,,,,,
2019-04-22,,,,,
2019-04-23,,,,,
2019-04-24,,,,,
2019-04-25,,,,,
2019-04-26,,,,,
2019-04-30,,,,,
2019-05-02,,,,,
2019-05-03,,,,,
2019-05-06,,,,,
2019-05-07,,,,,
2019-05-08,,,,,
2019-05-09,,,,,
2019-05-10,,,,,
2019-05-13,,,,,
2019-05-14,,,,,
2019-05-15,,,,,
2019-05-16,,,,,
2019-05-17,,,,,
2019-05-20,,,,,
2019-05-21,,,,,
2019-05-22,,,,,
2019-05-23,,,,,
2019-05-24,,,,,
2019-05-27,,,,,
2019-05-28,,,,,
2019-05-29,,,,,
2019-05-30,,,,,
2019-05-31,,,,,
2019-06-03,,,,,
2019-06-04,,,,,
2019-06-06,,,,,
2019-06-07,,,,,
2019-06-10,,,,,
2019-06-11,,,,,
2019-06-12,,,,,
2019-06-13,,,,,
2019-06-14,,,,,
2019-06-17,,,,,
2019-06-18,,,,,
2019-06-19,,,,,
2019-06-20,,,,,
2019-06-21,,,,,
2019-06-24,,,,,
2019-06-25,,,,,
2019-06-26,,,,,
2019-06-27,,,,,
2019-06-28,,,,,
2019-07-01,,,,,
2019-07-02,,,,,
2019-07-03,,,,,
2019-07-04,,,,,
2019-07-05,,,,,
2019-07-08,,,,,
2019-07-09,,,,,
2019-07-10,,,,,
2019-07-11,,,,,
2019-07-12,,,,,
2019-07-15,,,,,
2019-07-16,,,,,
2019-07-17,,,,,
2019-07-18,,,,,
2019-07-19,,,,,
2019-07-22,,,,,
2019-07-23,,,,,
2019-07-24,,,,,
2019-07-25,,,,,
2019-07-26,,,,,
2019-07-29,,,,,
2019-07-30,,,,,
2019-07-31,,,,,
2019-08-01,,,,,
2019-08-02,,,,,
2019-08-05,,,,,
2019-08-06,,,,,
2019-08-07,,,,,
2019-08-08,,,,,
2019-08-09,,,,,
2019-08-13,,,,,
2019-08-14,,,,,
2019-08-16,,,,,
2019-08-19,,,,,
2019-08-20,,,,,
2019-08-21,,,,,
2019-08-22,,,,,
2019-08-23,,,,,
2019-08-26,,,,,
2019-08-27,,,,,
2019-08-28,,,,,
2019-08-29,,,,,
2019-08-30,,,,,
2019-09-03,,,,,
2019-09-04,,,,,
2019-09-05,,,,,
2019-09-06,,,,,
2019-09-09,,,,,
2019-09-11,,,,,
2019-09-12,,,,,
2019-09-13,,,,,
2019-09-16,,,,,
2019-09-17,,,,,
2019-09-18,,,,,
2019-09-19,,,,,
2019-09-20,,,,,
2019-09-23,,,,,
2019-09-24,,,,,
2019-09-25,,,,,
2019-09-26,,,,,
2019-09-27,,,,,
2019-09-30,,,,,
2019-10-01,,,,,
2019-10-03,,,,,
2019-10-04,,,,,
2019-10-07,,,,,
2019-10-09,,,,,
2019-10-10,,,,,
2019-10-11,,,,,
2019-10-14,,,,,
2019-10-15,,,,,
2019-10-16,,,,,
2019-10-17,,,,,
2019-10-18,,,,,
2019-10-22,,,,,
2019-10-23,,,,,
2019-10-24,,,,,
2019-10-25,,,,,
2019-10-27,,,,,
2019-10-29,,,,,
2019-10-30,,,,,
2019-10-31,,,,,
2019-11-01,,,,,
2019-11-04,,,,,
2019-11-05,,,,,
2019-11-06,,,,,
2019-11-07,,,,,
2019-11-08,,,,,
2019-11-11,,,,,
2019-11-13,,,,,
2019-11-14,,,,,
2019-11-15,,,,,
2019-11-18,,,,,
2019-11-19,,,,,
2019-11-20,,,,,
2019-11-21,,,,,
2019-11-22,,,,,
2019-11-25,,,,,
2019-11-26,,,,,
2019-11-27,,,,,
2019-11-28,,,,,
2019-11-29,,,,,
2019-12-02,,,,,
2019-12-03,,,,,
2019-12-04,,,,,
2019-12-05,,,,,
2019-12-06,,,,,
2019-12-09,,,,,
2019-12-10,,,,,
2019-12-11,,,,,
2019-12-12,,,,,
2019-12-13,,,,,
2019-12-16,,,,,
2019-12-17,,,,,
2019-12-18,,,,,
2019-12-19,,,,,
2019-12-20,,,,,
2019-12-23,,,,,
2019-12-24,,,,,
2019-12-26,,,,,
2019-12-27,,,,,
2019-12-30,,,,,
2019-12-31,,,,,
2020-01-01,,,,,
2020-01-02,,,,,
2020-01-03,,,,,
2020-01-06,,,,,
2020-01-07,,,,,
2020-01-08,,,,,
2020-01-09,,,,,
2020-01-10,,,,,
2020-01-13,,,,,
2020-01-14,,,,,
2020-01-15,,,,,
2020-01-16,,,,,
2020-01-17,,,,,
2020-01-20,,,,,
2020-01-21,,,,,
2020-01-22,,,,,
2020-01-23,,,,,
2020-01-24,,,,,
2020-01-27,,,,,
2020-01-28,,,,,
2020-01-29,,,,,
2020-01-30,,,,,
2020-01-31,,,,,
2020-02-03,,,,,
2020-02-04,,,,,
2020-02-05,,,,,
2020-02-06,,,,,
2020-02-07,,,,,
2020-02-10,,,,,
2020-02-11,,,,,
2020-02-12,,,,,
2020-02-13,,,,,
2020-02-14,,,,,
2020-02-17,,,,,
2020-02-18,,,,,
2020-02-19,,,,,
2020-02-20,,,,,
2020-02-24,,,,,
2020-02-25,,,,,
2020-02-26,,,,,
2020-02-27,,,,,
2020-02-28,,,,,
2020-03-02,,,,,
2020-03-03,,,,,
2020-03-04,,,,,
2020-03-05,,,,,
2020-03-06,,,,,
2020-03-09,,,,,
2020-03-11,,,,,
2020-03-12,,,,,
2020-03-13,,,,,
2020-03-16,,,,,
2020-03-17,,,,,
2020-03-18,,,,,
2020-03-19,,,,,
2020-03-20,,,,,
2020-03-23,,,,,
2020-03-24,,,,,
2020-03-25,,,,,
2020-03-26,,,,,
2020-03-27,,,,,
2020-03-30,,,,,
2020-03-31,,,,,
2020-04-01,,,,,
2020-04-03,,,,,
2020-04-07,,,,,
2020-04-08,,,,,
2020-04-09,,,,,
2020-04-13,,,,,
2020-04-15,,,,,
2020-04-16,,,,,
2020-04-17,,,,,
2020-04-20,,,,,
2020-04-21,,,,,
2020-04-22,,,,,
2020-04-23,,,,,
2020-04-24,,,,,
2020-04-27,,,,,
2020-04-28,,,,,
2020-04-29,,,,,
2020-04-30,,,,,
2020-05-04,,,,,
2020-05-05,,,,,
2020-05-06,,,,,
2020-05-07,,,,,
2020-05-08,,,,,
2020-05-11,,,,,
2020-05-12,,,,,
2020-05-13,,,,,
2020-05-14,,,,,
2020-05-15,,,,,
2020-05-18,,,,,
2020-05-19,,,,,
2020-05-20,,,,,
2020-05-21,,,,,
2020-05-22,,,,,
2020-05-26,,,,,
2020-05-27,,,,,
2020-05-28,,,,,
2020-05-29,,,,,
2020-06-01,,,,,
2020-06-02,,,,,
2020-06-03,,,,,
2020-06-04,,,,,
2020-06-05,,,,,
2020-06-08,,,,,
2020-06-09,,,,,
2020-06-10,,,,,
2020-06-11,,,,,
2020-06-12,,,,,
2020-06-15,,,,,
2020-06-16,,,,,
2020-06-17,,,,,
2020-06-18,,,,,
2020-06-19,,,,,
2020-06-22,,,,,
2020-06-23,,,,,
2020-06-24,,,,,
2020-06-25,,,,,
2020-06-26,,,,,
2020-06-29,,,,,
2020-06-30,,,,,
2020-07-01,,,,,
2020-07-02,,,,,
2020-07-03,,,,,
2020-07-06,,,,,
2020-07-07,,,,,
2020-07-08,,,,,
2020-07-09,,,,,
2020-07-10,,,,,
2020-07-13,,,,,
2020-07-14,,,,,
2020-07-15,,,,,
2020-07-16,,,,,
2020-07-17,,,,,
2020-07-20,,,,,
2020-07-21,,,,,
2020-07-22,,,,,
2020-07-23,,,,,
2020-07-24,,,,,
2020-07-27,,,,,
2020-07-28,,,,,
2020-07-29,,,,,
2020-07-30,,,,,
2020-07-31,,,,,
2020-08-03,,,,,
2020-08-04,,,,,
2020-08-05,,,,,
2020-08-06,,,,,
2020-08-07,,,,,
2020-08-10,,,,,
2020-08-11,,,,,
2020-08-12,,,,,
2020-08-13,,,,,
2020-08-14,,,,,
2020-08-17,,,,,
2020-08-18,,,,,
2020-08-19,,,,,
2020-08-20,,,,,
2020-08-21,,,,,
2020-08-24,,,,,
2020-08-25,,,,,
2020-08-26,,,,,
2020-08-27,,,,,
2020-08-28,,,,,
2020-08-31,,,,,
2020-09-01,,,,,
2020-09-02,,,,,
2020-09-03,,,,,
2020-09-04,,,,,
2020-09-07,,,,,
2020-09-08,,,,,
2020-09-09,,,,,
2020-09-10,,,,,
2020-09-11,,,,,
2020-09-14,,,,,
2020-09-15,,,,,
2020-09-16,,,,,
2020-09-17,,,,,
2020-09-18,,,,,
2020-09-21,,,,,
2020-09-22,,,,,
2020-09-23,,,,,
2020-09-24,,,,,
2020-09-25,,,,,
2020-09-28,,,,,
2020-09-29,,,,,
2020-09-30,,,,,
2020-10-01,,,,,
2020-10-05,,,,,
2020-10-06,,,,,
2020-10-07,,,,,
2020-10-08,,,,,
2020-10-09,,,,,
2020-10-12,,,,,
2020-10-13,,,,,
2020-10-14,,,,,
2020-10-15,,,,,
2020-10-16,,,,,
2020-10-19,,,,,
2020-10-20,,,,,
2020-10-21,,,,,
2020-10-22,,,,,
2020-10-23,,,,,
2020-10-26,,,,,
2020-10-27,,,,,
2020-10-28,,,,,
2020-10-29,,,,,
2020-10-30,,,,,
2020-11-02,,,,,
2020-11-03,,,,,
2020-11-04,,,,,
2020-11-05,,,,,
2020-11-06,,,,,
2020-11-09,,,,,
2020-11-10,,,,,
2020-11-11,,,,,
2020-11-12,,,,,
2020-11-13,,,,,
2020-11-14,,,,,
2020-11-17,,,,,
2020-11-18,,,,,
2020-11-19,,,,,
2020-11-20,,,,,
2020-11-23,,,,,
2020-11-24,,,,,
2020-11-25,,,,,
2020-11-26,,,,,
2020-11-27,,,,,
2020-12-01,,,,,
2020-12-02,,,,,
2020-12-03,,,,,
2020-12-04,,,,,
2020-12-07,,,,,
2020-12-08,,,,,
2020-12-09,,,,,
2020-12-10,,,,,
2020-12-11,,,,,
2020-12-14,,,,,
2020-12-15,,,,,
2020-12-16,,,,,
2020-12-17,,,,,
2020-12-18,,,,,
2020-12-21,,,,,
2020-12-22,,,,,
2020-12-23,,,,,
2020-12-24,,,,,
2020-12-28,,,,,
2020-12-29,,,,,
2020-12-30,,,,,
2020-12-31,,,,,
2021-01-01,,,,,
2021-01-04,,,,,
2021-01-05,,,,,
2021-01-06,,,,,
2021-01-07,,,,,
2021-01-08,,,,,
2021-01-11,,,,,
2021-01-12,,,,,
2021-01-13,,,,,
2021-01-14,,,,,
2021-01-15,,,,,
2021-01-18,,,,,
2021-01-19,,,,,
2021-01-20,,,,,
2021-01-21,,,,,
2021-01-22,,,,,
2021-01-25,,,,,
2021-01-27,,,,,
2021-01-28,,,,,
2021-01-29,,,,,
2021-02-01,,,,,
2021-02-02,,,,,
2021-02-03,,,,,
2021-02-04,,,,,
2021-02-05,,,,,
2021-02-08,,,,,
2021-02-09,,,,,
2021-02-10,,,,,
2021-02-11,,,,,
2021-02-12,,,,,
2021-02-15,,,,,
2021-02-16,,,,,
2021-02-17,,,,,
2021-02-18,,,,,
2021-02-19,,,,,
2021-02-22,,,,,
2021-02-23,,,,,
2021-02-24,,,,,
2021-02-25,,,,,
2021-02-26,,,,,
2021-03-01,,,,,
2021-03-02,,,,,
2021-03-03,,,,,
2021-03-04,,,,,
2021-03-05,,,,,
2021-03-08,,,,,
2021-03-09,,,,,
2021-03-10,,,,,
2021-03-12,,,,,
2021-03-15,,,,,
2021-03-16,,,,,
2021-03-17,,,,,
2021-03-18,,,,,
2021-03-19,,,,,
2021-03-22,,,,,
2021-03-23,,,,,
2021-03-24,,,,,
2021-03-25,,,,,
2021-03-26,,,,,
2021-03-30,,,,,
2021-03-31,,,,,
2021-04-01,,,,,
2021-04-05,,,,,
2021-04-06,,,,,
2021-04-07,,,,,
2021-04-08,,,,,
2021-04-09,,,,,
2021-04-12,,,,,
2021-04-13,,,,,
2021-04-15,,,,,
2021-04-16,,,,,
2021-04-19,,,,,
2021-04-20,,,,,
2021-04-22,,,,,
2021-04-23,,,,,
2021-04-26,,,,,
2021-04-27,,,,,
2021-04-28,,,,,
2021-04-29,,,,,
2021-04-30,,,,,
2021-05-03,,,,,
2021-05-04,,,,,
2021-05-05,,,,,
2021-05-06,,,,,
2021-05-07,,,,,
2021-05-10,,,,,
2021-05-11,,,,,
2021-05-12,,,,,
2021-05-14,,,,,
2021-05-17,,,,,
2021-05-18,,,,,
2021-05-19,,,,,
2021-05-20,,,,,
2021-05-21,,,,,
2021-05-24,,,,,
2021-05-25,,,,,
2021-05-26,,,,,
2021-05-27,,,,,
2021-05-28,,,,,
2021-05-31,,,,,
2021-06-01,,,,,
2021-06-02,,,,,
2021-06-03,,,,,
2021-06-04,,,,,
2021-06-07,,,,,
2021-06-08,,,,,
2021-06-09,,,,,
2021-06-10,,,,,
2021-06-11,,,,,
2021-06-14,,,,,
2021-06-15,,,,,
2021-06-16,,,,,
2021-06-17,,,,,
2021-06-18,,,,,
2021-06-21,,,,,
2021-06-22,,,,,
2021-06-23,,,,,
2021-06-24,,,,,
2021-06-25,,,,,
2021-06-28,,,,,
2021-06-29,,,,,
2021-06-30,,,,,
2021-07-01,,,,,
2021-07-02,,,,,
2021-07-05,,,,,
2021-07-06,,,,,
2021-07-07,,,,,
2021-07-08,,,,,
2021-07-09,,,,,
2021-07-12,,,,,
2021-07-13,,,,,
2021-07-14,,,,,
2021-07-15,,,,,
2021-07-16,,,,,
2021-07-19,,,,,
2021-07-20,,,,,
2021-07-22,,,,,
2021-07-23,,,,,
2021-07-26,,,,,
2021-07-27,,,,,
2021-07-28,,,,,
2021-07-29,,,,,
2021-07-30,,,,,
2021-08-02,,,,,
2021-08-03,,,,,
2021-08-04,,,,,
2021-08-05,,,,,
2021-08-06,,,,,
2021-08-09,,,,,
2021-08-10,,,,,
2021-08-11,,,,,
2021-08-12,,,,,
2021-08-13,,,,,
2021-08-16,,,,,
2021-08-17,,,,,
2021-08-18,,,,,
2021-08-20,,,,,
2021-08-23,,,,,
2021-08-24,,,,,
2021-08-25,,,,,
2021-08-26,,,,,
2021-08-27,,,,,
2021-08-30,,,,,
2021-08-31,,,,,
2021-09-01,,,,,
2021-09-02,,,,,
2021-09-03,,,,,
2021-09-06,,,,,
2021-09-07,,,,,
2021-09-08,,,,,
2021-09-09,,,,,
2021-09-13,,,,,
2021-09-14,,,,,
2021-09-15,,,,,
2021-09-16,,,,,
2021-09-17,,,,,
2021-09-20,,,,,
2021-09-21,,,,,
2021-09-22,,,,,
2021-09-23,,,,,
2021-09-24,,,,,
2021-09-27,,,,,
2021-09-28,,,,,
2021-09-29,,,,,
2021-09-30,,,,,
2021-10-01,,,,,
2021-10-04,,,,,
2021-10-05,,,,,
2021-10-06,,,,,
2021-10-07,,,,,
2021-10-08,,,,,
2021-10-11,,,,,
2021-10-12,,,,,
2021-10-13,,,,,
2021-10-14,,,,,
2021-10-18,,,,,
2021-10-19,,,,,
2021-10-20,,,,,
2021-10-21,,,,,
2021-10-22,,,,,
2021-10-25,,,,,
2021-10-26,,,,,
2021-10-27,,,,,
2021-10-28,,,,,
2021-10-29,,,,,
2021-11-01,,,,,
2021-11-02,,,,,
2021-11-03,,,,,
2021-11-04,,,,,
2021-11-08,,,,,
2021-11-09,,,,,
2021-11-10,,,,,
2021-11-11,,,,,
2021-11-12,,,,,
2021-11-15,,,,,
2021-11-16,,,,,
2021-11-17,,,,,
2021-11-18,,,,,
2021-11-22,,,,,
2021-11-23,,,,,
2021-11-24,,,,,
2021-11-25,,,,,
2021-11-26,,,,,
2021-11-29,,,,,
2021-11-30,,,,,
2021-12-01,,,,,
2021-12-02,,,,,
2021-12-03,,,,,
2021-12-06,,,,,
2021-12-07,,,,,
2021-12-08,,,,,
2021-12-09,,,,,
2021-12-10,,,,,
2021-12-13,,,,,
2021-12-14,,,,,
2021-12-15,,,,,
2021-12-16,,,,,
2021-12-17,,,,,
2021-12-20,,,,,
2021-12-21,,,,,
2021-12-22,,,,,
2021-12-23,,,,,
2021-12-24,,,,,
2021-12-27,,,,,
2021-12-28,,,,,
2021-12-29,,,,,
2021-12-30,,,,,
2021-12-31,,,,,
2022-01-03,,,,,
2022-01-04,,,,,
2022-01-05,,,,,
2022-01-06,,,,,
2022-01-07,,,,,
2022-01-10,,,,,
2022-01-11,,,,,
2022-01-12,,,,,
2022-01-13,,,,,
2022-01-14,,,,,
2022-01-17,,,,,
2022-01-18,,,,,
2022-01-19,,,,,
2022-01-20,,,,,
2022-01-21,,,,,
2022-01-24,,,,,
2022-01-25,,,,,
2022-01-27,,,,,
2022-01-28,,,,,
2022-01-31,,,,,
2022-02-01,,,,,
2022-02-02,,,,,
2022-02-03,,,,,
2022-02-04,,,,,
2022-02-07,,,,,
2022-02-08,,,,,
2022-02-09,,,,,
2022-02-10,,,,,
2022-02-11,,,,,
2022-02-14,,,,,
2022-02-15,,,,,
2022-02-16,,,,,
2022-02-17,,,,,
2022-02-18,,,,,
2022-02-21,,,,,
2022-02-22,,,,,
2022-02-23,,,,,
2022-02-24,,,,,
2022-02-25,,,,,
2022-02-28,,,,,
2022-03-02,,,,,
2022-03-03,,,,,
2022-03-04,,,,,
2022-03-07,,,,,
2022-03-08,,,,,
2022-03-09,,,,,
2022-03-10,,,,,
2022-03-11,,,,,
2022-03-14,,,,,
2022-03-15,,,,,
2022-03-16,,,,,
2022-03-17,,,,,
2022-03-21,,,,,
2022-03-22,,,,,
2022-03-23,,,,,
2022-03-24,,,,,
2022-03-25,,,,,
2022-03-28,,,,,
2022-03-29,,,,,
2022-03-30,,,,,
2022-03-31,,,,,
2022-04-01,,,,,
2022-04-04,,,,,
2022-04-05,,,,,
2022-04-06,,,,,
2022-04-07,,,,,
2022-04-08,,,,,
2022-04-11,,,,,
2022-04-12,,,,,
2022-04-13,,,,,
2022-04-18,,,,,
2022-04-19,,,,,
2022-04-20,,,,,
2022-04-21,,,,,
2022-04-22,,,,,
2022-04-25,,,,,
2022-04-26,,,,,
2022-04-27,,,,,
2022-04-28,,,,,
2022-04-29,,,,,
2022-05-02,,,,,
2022-05-04,,,,,
2022-05-05,,,,,
2022-05-06,,,,,
2022-05-09,,,,,
2022-05-10,,,,,
2022-05-11,,,,,
2022-05-12,,,,,
2022-05-13,,,,,
2022-05-16,,,,,
2022-05-17,,,,,
2022-05-18,,,,,
2022-05-19,,,,,
2022-05-20,,,,,
2022-05-23,,,,,
2022-05-24,,,,,
2022-05-25,,,,,
2022-05-26,,,,,
2022-05-27,,,,,
2022-05-30,,,,,
2022-05-31,,,,,
2022-06-01,,,,,
2022-06-02,,,,,
2022-06-03,,,,,
2022-06-06,,,,,
2022-06-07,,,,,
2022-06-08,,,,,
2022-06-09,,,,,
2022-06-10,,,,,
2022-06-13,,,,,
2022-06-14,,,,,
2022-06-15,,,,,
2022-06-16,,,,,
2022-06-17,,,,,
2022-06-20,,,,,
2022-06-21,,,,,
2022-06-22,,,,,
2022-06-23,,,,,
2022-06-24,,,,,
2022-06-27,,,,,
2022-06-28,,,,,
2022-06-29,,,,,
2022-06-30,,,,,
2022-07-01,,,,,
2022-07-04,,,,,
2022-07-05,,,,,
2022-07-06,,,,,
2022-07-07,,,,,
2022-07-08,,,,,
2022-07-11,,,,,
2022-07-12,,,,,
2022-07-13,,,,,
2022-07-14,,,,,
2022-07-15,,,,,
2022-07-18,,,,,
2022-07-19,,,,,
2022-07-20,,,,,
2022-07-21,,,,,
2022-07-22,,,,,
2022-07-25,,,,,
2022-07-26,,,,,
2022-07-27,,,,,
2022-07-28,,,,,
2022-07-29,,,,,
2022-08-01,,,,,
2022-08-02,,,,,
2022-08-03,,,,,
2022-08-04,,,,,
2022-08-05,,,,,
2022-08-08,,,,,
2022-08-10,,,,,
2022-08-11,,,,,
2022-08-12,,,,,
2022-08-16,,,,,
2022-08-17,,,,,
2022-08-18,,,,,
2022-08-19,,,,,
2022-08-22,,,,,
2022-08-23,,,,,
2022-08-24,,,,,
2022-08-25,,,,,
2022-08-26,,,,,
2022-08-29,,,,,
2022-08-30,,,,,
2022-09-01,,,,,
2022-09-02,,,,,
2022-09-05,,,,,
2022-09-06,,,,,
2022-09-07,,,,,
2022-09-08,,,,,
2022-09-09,,,,,
2022-09-12,,,,,
2022-09-13,,,,,
2022-09-14,,,,,
2022-09-15,,,,,
2022-09-16,,,,,
2022-09-19,,,,,
2022-09-20,,,,,
2022-09-21,,,,,
2022-09-22,,,,,
2022-09-23,,,,,
2022-09-26,,,,,
2022-09-27,,,,,
2022-09-28,,,,,
2022-09-29,,,,,
2022-09-30,,,,,
2022-10-03,,,,,
2022-10-04,,,,,
2022-10-06,,,,,
2022-10-07,,,,,
2022-10-10,,,,,
2022-10-11,,,,,
2022-10-12,,,,,
2022-10-13,,,,,
2022-10-14,,,,,
2022-10-17,,,,,
2022-10-18,,,,,
2022-10-19,,,,,
2022-10-20,,,,,
2022-10-21,,,,,
2022-10-24,,,,,
2022-10-25,,,,,
2022-10-27,,,,,
2022-10-28,,,,,
2022-10-31,,,,,
2022-11-01,,,,,
2022-11-02,,,,,
2022-11-03,,,,,
2022-11-04,,,,,
2022-11-07,,,,,
2022-11-09,,,,,
2022-11-10,,,,,
2022-11-11,,,,,
2022-11-14,,,,,
2022-11-15,,,,,
2022-11-16,,,,,
2022-11-17,,,,,
2022-11-18,,,,,
2022-11-21,,,,,
2022-11-22,,,,,
2022-11-23,,,,,
2022-11-24,,,,,
2022-11-25,,,,,
2022-11-28,,,,,
2022-11-29,,,,,
2022-11-30,,,,,
2022-12-01,,,,,
2022-12-02,,,,,
2022-12-05,,,,,
2022-12-06,,,,,
2022-12-07,,,,,
2022-12-08,,,,,
2022-12-09,,,,,
2022-12-12,,,,,
2022-12-13,,,,,
2022-12-14,,,,,
2022-12-15,,,,,
2022-12-16,,,,,
2022-12-19,,,,,
2022-12-20,,,,,
2022-12-21,,,,,
2022-12-22,,,,,
2022-12-23,,,,,
2022-12-26,,,,,
2022-12-27,,,,,
2022-12-28,,,,,
2022-12-29,,,,,
2022-12-30,,,,,
2023-01-02,,,,,
2023-01-03,,,,,
2023-01-04,,,,,
2023-01-05,,,,,
2023-01-06,,,,,
2023-01-09,,,,,
2023-01-10,,,,,
2023-01-11,,,,,
2023-01-12,,,,,
2023-01-13,,,,,
2023-01-16,,,,,
2023-01-17,,,,,
2023-01-18,,,,,
2023-01-19,,,,,
2023-01-20,,,,,
2023-01-23,,,,,
2023-01-24,,,,,
2023-01-25,,,,,
2023-01-27,,,,,
2023-01-30,,,,,
2023-01-31,,,,,
2023-02-01,,,,,
2023-02-02,,,,,
2023-02-03,,,,,
2023-02-06,,,,,
2023-02-07,,,,,
2023-02-08,,,,,
2023-02-09,,,,,
2023-02-10,,,,,
2023-02-13,,,,,
2023-02-14,,,,,
2023-02-15,,,,,
2023-02-16,,,,,
2023-02-17,,,,,
2023-02-20,,,,,
2023-02-21,,,,,
2023-02-22,,,,,
2023-02-23,,,,,
2023-02-24,,,,,
2023-02-27,,,,,
2023-02-28,,,,,
2023-03-01,,,,,
2023-03-02,,,,,
2023-03-03,,,,,
2023-03-06,,,,,
2023-03-08,,,,,
2023-03-09,,,,,
2023-03-10,,,,,
2023-03-13,,,,,
2023-03-14,,,,,
2023-03-15,,,,,
2023-03-16,,,,,
2023-03-17,,,,,
2023-03-20,,,,,
2023-03-21,,,,,
2023-03-22,,,,,
2023-03-23,,,,,
2023-03-24,,,,,
2023-03-27,,,,,
2023-03-28,,,,,
2023-03-29,,,,,
2023-03-31,,,,,
2023-04-03,,,,,
2023-04-05,,,,,
2023-04-06,,,,,
2023-04-10,,,,,
2023-04-11,,,,,
2023-04-12,,,,,
2023-04-13,,,,,
2023-04-17,,,,,
2023-04-18,,,,,
2023-04-19,,,,,
2023-04-20,,,,,
2023-04-21,,,,,
2023-04-24,,,,,
2023-04-25,,,,,
2023-04-26,,,,,
2023-04-27,,,,,
2023-04-28,,,,,
2023-05-02,,,,,
2023-05-03,,,,,
2023-05-04,,,,,
2023-05-05,,,,,
2023-05-08,,,,,
2023-05-09,,,,,
2023-05-10,,,,,
2023-05-11,,,,,
2023-05-12,,,,,
2023-05-15,,,,,
2023-05-16,,,,,
2023-05-17,,,,,
2023-05-18,,,,,
2023-05-19,,,,,
2023-05-22,,,,,
2023-05-23,,,,,
2023-05-24,,,,,
2023-05-25,,,,,
2023-05-26,,,,,
2023-05-29,,,,,
2023-05-30,,,,,
2023-05-31,,,,,
2023-06-01,,,,,
2023-06-02,,,,,
2023-06-05,,,,,
2023-06-06,,,,,
2023-06-07,,,,,
2023-06-08,,,,,
2023-06-09,,,,,
2023-06-12,,,,,
2023-06-13,,,,,
2023-06-14,,,,,
2023-06-15,,,,,
2023-06-16,,,,,
2023-06-19,,,,,
2023-06-20,,,,,
2023-06-21,,,,,
2023-06-22,,,,,
2023-06-23,,,,,
2023-06-26,,,,,
2023-06-27,,,,,
2023-06-28,,,,,
2023-06-30,,,,,
2023-07-03,,,,,
2023-07-04,,,,,
2023-07-05,,,,,
2023-07-06,,,,,
2023-07-07,,,,,
2023-07-10,,,,,
2023-07-11,,,,,
2023-07-12,,,,,
2023-07-13,,,,,
2023-07-14,,,,,
2023-07-17,,,,,
2023-07-18,,,,,
2023-07-19,,,,,
2023-07-20,,,,,
2023-07-21,,,,,
2023-07-24,,,,,
2023-07-25,,,,,
2023-07-26,,,,,
2023-07-27,,,,,
2023-07-28,,,,,
2023-07-31,,,,,
2023-08-01,,,,,
2023-08-02,,,,,
2023-08-03,,,,,
2023-08-04,,,,,
2023-08-07,,,,,
2023-08-08,,,,,
2023-08-09,,,,,
2023-08-10,,,,,
2023-08-11,,,,,
2023-08-14,,,,,
2023-08-16,,,,,
2023-08-17,,,,,
2023-08-18,,,,,
2023-08-21,,,,,
2023-08-22,,,,,
2023-08-23,,,,,
2023-08-24,,,,,
2023-08-25,,,,,
2023-08-28,,,,,
2023-08-29,,,,,
2023-08-30,,,,,
2023-08-31,,,,,
2023-09-01,,,,,
2023-09-04,,,,,
2023-09-05,,,,,
2023-09-06,,,,,
2023-09-07,,,,,
2023-09-08,,,,,
2023-09-11,,,,,
2023-09-12,,,,,
2023-09-13,,,,,
2023-09-14,,,,,
2023-09-15,,,,,
2023-09-18,,,,,
2023-09-20,,,,,
2023-09-21,,,,,
2023-09-22,,,,,
2023-09-25,,,,,
2023-09-26,,,,,
2023-09-27,,,,,
2023-09-28,,,,,
2023-09-29,,,,,
2023-10-03,,,,,
2023-10-04,,,,,
2023-10-05,,,,,
2023-10-06,,,,,
2023-10-09,,,,,
2023-10-10,,,,,
2023-10-11,,,,,
2023-10-12,,,,,
2023-10-13,,,,,
2023-10-16,,,,,
2023-10-17,,,,,
2023-10-18,,,,,
2023-10-19,,,,,
2023-10-20,,,,,
2023-10-23,,,,,
2023-10-25,,,,,
2023-10-26,,,,,
2023-10-27,,,,,
2023-10-30,,,,,
2023-10-31,,,,,
2023-11-01,,,,,
2023-11-02,,,,,
2023-11-03,,,,,
2023-11-06,,,,,
2023-11-07,,,,,
2023-11-08,,,,,
2023-11-09,,,,,
2023-11-10,,,,,
2023-11-13,,,,,
2023-11-15,,,,,
2023-11-16,,,,,
2023-11-17,,,,,
2023-11-20,,,,,
2023-11-21,,,,,
2023-11-22,,,,,
2023-11-23,,,,,
2023-11-24,,,,,
2023-11-28,,,,,
2023-11-29,,,,,
2023-11-30,,,,,
2023-12-01,,,,,
2023-12-04,,,,,
2023-12-05,,,,,
2023-12-06,,,,,
2023-12-07,,,,,
2023-12-08,,,,,
2023-12-11,,,,,
2023-12-12,,,,,
2023-12-13,,,,,
2023-12-14,,,,,
2023-12-15,,,,,
2023-12-18,,,,,
2023-12-19,,,,,
2023-12-20,,,,,
2023-12-21,,,,,
2023-12-22,,,,,
2023-12-26,,,,,
2023-12-27,,,,,
2023-12-28,,,,,
2023-12-29,,,,,
2024-01-01,,,,,
2024-01-02,,,,,
2024-01-03,,,,,
2024-01-04,,,,,
2024-01-05,,,,,
2024-01-08,,,,,
2024-01-09,,,,,
2024-01-10,,,,,
2024-01-11,,,,,
2024-01-12,,,,,
2024-01-15,,,,,
2024-01-16,,,,,
2024-01-17,,,,,
2024-01-18,,,,,
2024-01-19,,,,,
2024-01-23,,,,,
2024-01-24,,,,,
2024-01-25,,,,,
2024-01-29,,,,,
2024-01-30,,,,,
2024-01-31,,,,,
2024-02-01,,,,,
2024-02-02,,,,,
2024-02-05,,,,,
2024-02-06,,,,,
2024-02-07,,,,,
2024-02-08,,,,,
2024-02-09,,,,,
2024-02-12,,,,,
2024-02-13,,,,,
2024-02-14,,,,,
2024-02-15,,,,,
2024-02-16,,,,,
2024-02-19,,,,,
2024-02-20,,,,,
2024-02-21,,,,,
2024-02-22,,,,,
2024-02-23,,,,,
2024-02-26,,,,,
2024-02-27,,,,,
2024-02-28,,,,,
2024-02-29,,,,,
2024-03-01,,,,,
2024-03-04,,,,,
2024-03-05,,,,,
2024-03-06,,,,,
2024-03-07,,,,,
2024-03-11,,,,,
2024-03-12,,,,,
2024-03-13,,,,,
2024-03-14,,,,,
2024-03-15,,,,,
2024-03-18,,,,,
2024-03-19,,,,,
2024-03-20,,,,,
2024-03-21,,,,,
2024-03-22,,,,,
2024-03-26,,,,,
2024-03-27,,,,,
2024-03-28,,,,,
2024-04-01,,,,,
2024-04-02,,,,,
2024-04-03,,,,,
2024-04-04,,,,,
2024-04-05,,,,,
2024-04-08,,,,,
2024-04-09,,,,,
2024-04-10,,,,,
2024-04-12,,,,,
2024-04-15,,,,,
2024-04-16,,,,,
2024-04-18,,,,,
2024-04-19,,,,,
2024-04-22,,,,,
2024-04-23,,,,,
2024-04-24,,,,,
2024-04-25,,,,,
2024-04-26,,,,,
2024-04-29,,,,,
2024-04-30,,,,,
2024-05-02,,,,,
2024-05-03,,,,,
2024-05-06,,,,,
2024-05-07,,,,,
2024-05-08,,,,,
2024-05-09,,,,,
2024-05-10,,,,,
2024-05-13,,,,,
2024-05-14,,,,,
2024-05-15,,,,,
2024-05-16,,,,,
2024-05-17,,,,,
2024-05-21,,,,,
2024-05-22,,,,,
2024-05-23,,,,,
2024-05-24,,,,,
2024-05-27,,,,,
2024-05-28,,,,,
2024-05-29,,,,,
2024-05-30,,,,,
2024-05-31,,,,,
2024-06-03,,,,,
2024-06-04,,,,,
2024-06-05,,,,,
2024-06-06,,,,,
2024-06-07,,,,,
2024-06-10,,,,,
2024-06-11,,,,,
2024-06-12,,,,,
2024-06-13,,,,,
2024-06-14,,,,,
2024-06-18,,,,,
2024-06-19,,,,,
2024-06-20,,,,,
2024-06-21,,,,,
2024-06-24,,,,,
2024-06-25,,,,,
2024-06-26,,,,,
2024-06-27,,,,,
2024-06-28,,,,,
2024-07-01,,,,,
2024-07-02,,,,,
2024-07-03,,,,,
2024-07-04,,,,,
2024-07-05,,,,,
2024-07-08,,,,,
2024-07-09,,,,,
2024-07-10,,,,,
2024-07-11,,,,,
2024-07-12,,,,,
2024-07-15,,,,,
2024-07-16,,,,,
2024-07-18,,,,,
2024-07-19,,,,,
2024-07-22,,,,,
2024-07-23,,,,,
2024-07-24,,,,,
2024-07-25,,,,,
2024-07-26,,,,,
2024-07-29,,,,,
2024-07-30,,,,,
2024-07-31,,,,,
2024-08-01,,,,,
2024-08-02,,,,,
2024-08-05,,,,,
2024-08-06,,,,,
2024-08-07,,,,,
2024-08-08,,,,,
2024-08-09,76.0,91.19999694824219,76.0,91.19999694824219,525179173.0
2024-08-12,97.0,109.44000244140625,95.0,109.44000244140625,210295560.0
2024-08-13,120.9800033569336,129.39999389648438,105.20999908447266,108.16999816894531,365044065.0
2024-08-14,110.0,113.4000015258789,100.36000061035156,110.9000015258789,160539788.0
2024-08-16,121.0,133.0800018310547,117.0,133.0800018310547,338763140.0
2024-08-19,139.38999938964844,146.3800048828125,136.0,146.3800048828125,192359284.0
2024-08-20,153.8000030517578,157.39999389648438,132.64999389648438,137.7899932861328,309136273.0
2024-08-21,143.0,143.5,135.22000122070312,138.0500030517578,113015397.0
2024-08-22,139.0,139.0,126.05000305175781,131.32000732421875,107214397.0
2024-08-23,131.0,132.47000122070312,125.55000305175781,126.26000213623047,58941772.0
2024-08-26,123.43000030517578,132.6999969482422,118.5999984741211,125.30000305175781,162419382.0
2024-08-27,126.0,131.0,125.75,127.52999877929688,62973982.0
2024-08-28,128.6999969482422,129.19000244140625,125.0,125.69000244140625,36055940.0
2024-08-29,125.94999694824219,126.98999786376953,119.5999984741211,120.27999877929688,32236138.0
2024-08-30,121.30000305175781,122.97000122070312,117.11000061035156,117.93000030517578,39363549.0
2024-09-02,118.5,119.94999694824219,114.0,114.93000030517578,32100435.0
2024-09-03,114.0,119.30000305175781,112.66000366210938,113.48999786376953,34112725.0
2024-09-04,112.55000305175781,115.0,109.80000305175781,110.80000305175781,30257994.0
2024-09-05,111.36000061035156,119.16999816894531,110.33000183105469,115.16000366210938,88498741.0
2024-09-06,111.0999984741211,115.05000305175781,109.0,109.56999969482422,58560417.0
2024-09-09,110.0,116.19999694824219,103.5,114.58000183105469,93620725.0
2024-09-10,114.80000305175781,119.0,113.38999938964844,115.5,51113502.0
2024-09-11,115.48999786376953,116.5,109.86000061035156,113.0199966430664,44903854.0
2024-09-12,114.5999984741211,115.48999786376953,111.44000244140625,112.63999938964844,33770388.0
2024-09-13,112.69999694824219,114.25,111.0,111.58000183105469,18101301.0
2024-09-16,112.0,112.18000030517578,106.9000015258789,107.5999984741211,27173576.0
2024-09-17,112.94999694824219,118.36000061035156,110.26000213623047,117.95999908447266,163398289.0
2024-09-18,118.0,123.9000015258789,116.0999984741211,116.94999694824219,118683852.0
2024-09-19,116.69999694824219,117.48999786376953,109.5,111.66999816894531,61441099.0
2024-09-20,113.0,113.94999694824219,110.4000015258789,110.98999786376953,26659658.0
2024-09-23,112.0,112.4000015258789,107.5,108.1500015258789,30248266.0
2024-09-24,108.1500015258789,109.9000015258789,103.41999816894531,104.05000305175781,52943938.0
2024-09-25,105.37000274658203,107.5,101.4000015258789,103.0199966430664,54743574.0
2024-09-26,105.79000091552734,106.33999633789062,102.30000305175781,103.48999786376953,31139206.0
2024-09-27,104.5999984741211,104.87000274658203,101.0,102.18000030517578,36452821.0
2024-09-30,101.70999908447266,102.37999725341797,97.83999633789062,99.62000274658203,51879596.0
2024-10-01,100.0,103.48999786376953,99.1500015258789,102.62000274658203,61227119.0
2024-10-03,100.0,102.19000244140625,99.0,99.26000213623047,27994702.0
2024-10-04,100.0,100.0,95.38999938964844,99.05000305175781,43646598.0
2024-10-07,99.9000015258789,100.0,89.55000305175781,90.81999969482422,90107948.0
2024-10-08,86.0,96.77999877929688,86.0,95.41000366210938,113352923.0
2024-10-09,95.31999969482422,98.69000244140625,93.79000091552734,95.77999877929688,57074037.0
2024-10-10,94.0,95.16999816894531,90.0,90.79000091552734,49223674.0
2024-10-11,91.0,92.25,89.66000366210938,90.19999694824219,34321755.0
2024-10-14,90.0,90.5,87.1500015258789,87.45999908447266,36287243.0
2024-10-15,88.79000091552734,91.87000274658203,88.6500015258789,89.51000213623047,56875452.0
2024-10-16,90.0,90.38999938964844,88.62000274658203,89.16999816894531,20025845.0
2024-10-17,89.38999938964844,90.0,87.19999694824219,87.56999969482422,16578506.0
2024-10-18,85.75,88.0,85.0199966430664,86.94999694824219,25522239.0
2024-10-21,87.19000244140625,87.4800033569336,81.0,81.6500015258789,34971218.0
2024-10-22,83.9800033569336,85.29000091552734,80.5,81.08000183105469,41665695.0
2024-10-23,81.19999694824219,83.0,79.1500015258789,81.76000213623047,33119468.0
2024-10-24,81.80999755859375,82.0999984741211,79.7699966430664,80.0,17908438.0
2024-10-25,80.05000305175781,80.48999786376953,76.7300033569336,77.29000091552734,22420692.0
2024-10-28,77.98999786376953,80.5,77.12000274658203,77.58999633789062,31800879.0
2024-10-29,77.69999694824219,78.5,74.83999633789062,76.31999969482422,29301711.0
2024-10-30,76.31999969482422,80.66999816894531,75.08000183105469,79.83000183105469,47417740.0
2024-10-31,80.0,83.25,79.16000366210938,80.87999725341797,34098220.0
2024-11-01,82.38999938964844,83.6500015258789,82.01000213623047,82.83999633789062,7901472.0
2024-11-04,84.44999694824219,84.80000305175781,79.61000061035156,80.83999633789062,30671468.0
2024-11-05,80.04000091552734,80.29000091552734,73.83999633789062,74.18000030517578,89679787.0
2024-11-06,75.41000366210938,75.43000030517578,73.5,74.4000015258789,51882572.0
2024-11-07,75.0,78.25,74.06999969482422,74.55999755859375,55664096.0
2024-11-08,74.91999816894531,74.98999786376953,72.5999984741211,72.72000122070312,30134626.0
2024-11-11,72.72000122070312,77.5999984741211,70.55000305175781,74.33000183105469,98999523.0
2024-11-12,75.19999694824219,76.6500015258789,73.70999908447266,74.29000091552734,36932621.0
2024-11-13,73.80000305175781,74.19000244140625,70.55000305175781,70.94999694824219,29804499.0
2024-11-14,71.04000091552734,71.87999725341797,69.54000091552734,70.12000274658203,34166367.0
2024-11-18,70.0,70.9000015258789,68.0999984741211,68.93000030517578,38573962.0
2024-11-19,68.98999786376953,71.18000030517578,68.98999786376953,69.31999969482422,22429780.0
2024-11-21,69.5,69.69999694824219,66.86000061035156,67.20999908447266,29121532.0
2024-11-22,67.20999908447266,69.73999786376953,66.66000366210938,69.13999938964844,28730513.0
2024-11-25,70.55000305175781,72.30000305175781,69.30000305175781,69.58000183105469,21405109.0
2024-11-26,69.58000183105469,74.80000305175781,69.58000183105469,73.41999816894531,57391461.0
2024-11-27,77.69999694824219,88.0999984741211,75.26000213623047,88.0999984741211,244701933.0
2024-11-28,90.6500015258789,94.5,88.7699966430664,92.98999786376953,186599196.0
2024-11-29,92.1500015258789,92.48999786376953,86.69999694824219,87.41000366210938,76161884.0
2024-12-02,84.11000061035156,94.47000122070312,81.19999694824219,93.29000091552734,168055394.0
2024-12-03,94.08999633789062,101.77999877929688,92.51000213623047,98.54000091552734,236992751.0
2024-12-04,98.75,102.5,97.61000061035156,98.36000061035156,133838392.0
2024-12-05,98.7300033569336,100.19999694824219,95.4800033569336,98.5199966430664,76865512.0
2024-12-06,96.9000015258789,98.30000305175781,95.25,95.91000366210938,48472086.0
2024-12-09,96.4000015258789,97.0,91.5,92.25,40583292.0
2024-12-10,92.25,95.5,92.2300033569336,94.56999969482422,50853886.0
2024-12-11,94.88999938964844,98.12999725341797,93.01000213623047,96.12000274658203,66954410.0
2024-12-12,96.12000274658203,96.5999984741211,93.75,93.98999786376953,24825087.0
2024-12-13,93.5,94.87999725341797,93.0,93.80999755859375,29241541.0
2024-12-16,93.80999755859375,99.62000274658203,93.55999755859375,96.80000305175781,67357404.0
2024-12-17,97.30000305175781,100.4000015258789,96.91000366210938,97.43000030517578,47461145.0
2024-12-18,97.94999694824219,98.19999694824219,94.80000305175781,96.41999816894531,37709666.0
2024-12-19,94.0,96.38999938964844,93.1500015258789,95.12000274658203,26289361.0
2024-12-20,95.5999984741211,97.83000183105469,92.12999725341797,93.66999816894531,38323235.0
2024-12-23,93.97000122070312,95.23999786376953,92.0999984741211,92.69000244140625,30468393.0
2024-12-24,93.4000015258789,95.66000366210938,92.77999877929688,93.9800033569336,22492287.0
2024-12-26,97.0,99.94999694824219,93.0999984741211,93.55000305175781,69591245.0
2024-12-27,93.8499984741211,94.25,88.51000213623047,89.93000030517578,37601364.0
2024-12-30,87.0999984741211,88.08000183105469,84.5,85.06999969482422,37606547.0
2024-12-31,85.19000244140625,87.63999938964844,84.87000274658203,85.7300033569336,29578957.0
2025-01-01,86.4000015258789,86.66999816894531,85.25,86.22000122070312,16274841.0
2025-01-02,86.23999786376953,88.58999633789062,83.58000183105469,84.70999908447266,37564777.0
2025-01-03,84.69999694824219,85.11000061035156,82.26000213623047,82.70999908447266,30982641.0
2025-01-06,82.80000305175781,83.0999984741211,77.5,77.94999694824219,33396475.0
2025-01-07,78.9000015258789,81.18000030517578,78.55000305175781,79.16000366210938,30769069.0
2025-01-08,77.0,80.1500015258789,75.16000366210938,79.51000213623047,61605465.0
2025-01-09,79.4000015258789,79.5999984741211,75.2699966430664,75.66000366210938,24971633.0
2025-01-10,75.5,76.5,72.69999694824219,73.38999938964844,38606186.0
2025-01-13,71.0,72.83000183105469,70.0,70.18000030517578,32634298.0
2025-01-14,71.5,73.47000122070312,70.38999938964844,72.87999725341797,34095762.0
2025-01-15,73.9000015258789,75.5999984741211,72.0999984741211,73.25,28969720.0
2025-01-16,75.0,75.4800033569336,74.01000213623047,74.80999755859375,16453514.0
2025-01-17,74.5,75.18000030517578,73.91000366210938,74.41000366210938,13403086.0
2025-01-20,75.0,77.0,74.33000183105469,76.33000183105469,15293544.0
2025-01-21,77.13999938964844,78.77999877929688,76.01000213623047,76.23999786376953,27328395.0
2025-01-22,76.5999984741211,76.88999938964844,73.80000305175781,74.30999755859375,15524482.0
2025-01-23,74.79000091552734,74.79000091552734,73.16999816894531,73.48999786376953,11531639.0
2025-01-24,73.33999633789062,73.75,71.0,71.33999633789062,14299599.0
2025-01-27,70.0999984741211,70.44000244140625,67.5,68.08000183105469,22699796.0
2025-01-28,68.16000366210938,68.79000091552734,64.5999984741211,65.16000366210938,31301577.0
2025-01-29,65.81999969482422,68.30999755859375,65.23999786376953,65.9800033569336,26430739.0
2025-01-30,66.70999908447266,68.47000122070312,66.29000091552734,66.79000091552734,20575646.0
2025-01-31,67.8499984741211,76.52999877929688,67.62000274658203,74.80000305175781,116622091.0
2025-02-01,75.98999786376953,80.80000305175781,73.66000366210938,74.33000183105469,85425148.0
2025-02-03,74.51000213623047,76.47000122070312,72.37000274658203,73.08000183105469,45904119.0
2025-02-04,74.19999694824219,75.45999908447266,73.72000122070312,74.8499984741211,22868898.0
2025-02-05,76.9800033569336,77.0,73.51000213623047,74.5999984741211,23581873.0
2025-02-06,74.5999984741211,74.98999786376953,71.55999755859375,71.83999633789062,22284387.0
2025-02-07,72.11000061035156,72.30000305175781,68.30000305175781,69.97000122070312,36396886.0
2025-02-10,68.91000366210938,68.97000122070312,67.16000366210938,67.5999984741211,27920171.0
2025-02-11,67.9000015258789,67.9000015258789,64.36000061035156,65.26000213623047,28376783.0
2025-02-12,65.5,65.5999984741211,63.29999923706055,64.62000274658203,37541843.0
2025-02-13,65.0,66.12000274658203,63.810001373291016,64.27999877929688,24482682.0
2025-02-14,64.55999755859375,64.80000305175781,60.150001525878906,60.869998931884766,35125401.0
2025-02-17,60.95000076293945,62.11000061035156,59.290000915527344,61.290000915527344,36043235.0
2025-02-18,60.599998474121094,61.650001525878906,58.79999923706055,60.27000045776367,25503226.0
2025-02-19,59.400001525878906,61.599998474121094,58.58000183105469,60.54999923706055,27181781.0
2025-02-20,60.2400016784668,62.70000076293945,59.810001373291016,61.709999084472656,26475985.0
2025-02-21,61.70000076293945,63.099998474121094,60.560001373291016,60.900001525878906,19439120.0
2025-02-24,60.0,60.380001068115234,58.88999938964844,59.720001220703125,18187988.0
2025-02-25,59.88999938964844,60.599998474121094,59.11000061035156,59.369998931884766,13934689.0
2025-02-27,59.97999954223633,59.97999954223633,56.369998931884766,56.91999816894531,19873548.0
2025-02-28,55.9900016784668,57.70000076293945,55.68000030517578,56.83000183105469,54341670.0
2025-03-03,58.0,58.06999969482422,53.709999084472656,55.119998931884766,28878455.0
2025-03-04,54.029998779296875,56.75,53.619998931884766,55.939998626708984,22919229.0
2025-03-05,55.5,57.380001068115234,55.40999984741211,56.939998626708984,21420293.0
2025-03-06,58.2599983215332,58.95000076293945,56.04999923706055,56.369998931884766,36043326.0
2025-03-07,56.369998931884766,57.63999938964844,55.84000015258789,56.529998779296875,22296149.0
2025-03-10,56.36000061035156,56.72999954223633,53.25,53.849998474121094,25185976.0
2025-03-11,53.0,53.119998931884766,50.66999816894531,50.90999984741211,34487730.0
2025-03-12,51.099998474121094,52.54999923706055,50.779998779296875,51.060001373291016,29802298.0
2025-03-13,51.5,51.779998779296875,50.29999923706055,50.5099983215332,23276276.0
2025-03-17,49.97999954223633,50.2400016784668,46.400001525878906,46.93000030517578,66011619.0
2025-03-18,46.93000030517578,46.93000030517578,46.93000030517578,46.93000030517578,0.0
2025-03-19,52.970001220703125,55.79999923706055,52.90999984741211,53.849998474121094,125139405.0
2025-03-20,54.11000061035156,54.43000030517578,51.400001525878906,51.709999084472656,55919357.0
2025-03-21,51.709999084472656,56.869998931884766,51.27000045776367,56.06999969482422,189119171.0
2025-03-24,57.560001373291016,58.43000030517578,54.86000061035156,55.72999954223633,65530181.0
2025-03-25,57.5,57.72999954223633,53.56999969482422,54.119998931884766,57326308.0
2025-03-26,54.0,54.97999954223633,51.349998474121094,51.7400016784668,49183198.0
2025-03-27,51.83000183105469,55.599998474121094,51.58000183105469,55.099998474121094,83181034.0
2025-03-28,55.099998474121094,55.70000076293945,52.619998931884766,53.04999923706055,38033501.0
2025-04-01,52.810001373291016,54.400001525878906,52.54999923706055,52.709999084472656,33287417.0
2025-04-02,52.75,54.220001220703125,51.83000183105469,54.06999969482422,33537616.0
2025-04-03,53.0,54.47999954223633,53.0,54.040000915527344,22386332.0
2025-04-04,53.5,53.810001373291016,51.560001373291016,52.47999954223633,23203664.0
2025-04-07,45.349998474121094,51.75,45.349998474121094,50.77000045776367,37901908.0
2025-04-08,52.4900016784668,52.869998931884766,50.02000045776367,50.880001068115234,38477761.0
2025-04-09,51.209999084472656,51.29999923706055,49.790000915527344,50.11000061035156,18714150.0
2025-04-11,51.59000015258789,51.70000076293945,49.900001525878906,50.20000076293945,22512064.0
2025-04-15,51.25,51.650001525878906,50.060001373291016,50.27000045776367,33940124.0
2025-04-16,50.5,52.779998779296875,50.0,50.209999084472656,58074672.0
2025-04-17,50.349998474121094,50.70000076293945,50.099998474121094,50.220001220703125,20597955.0
2025-04-21,50.56999969482422,53.56999969482422,50.45000076293945,52.880001068115234,67045731.0
2025-04-22,52.970001220703125,53.970001220703125,52.2400016784668,53.08000183105469,30693991.0
2025-04-23,53.459999084472656,53.59000015258789,50.86000061035156,52.54999923706055,58224552.0
2025-04-24,52.54999923706055,54.439998626708984,52.29999923706055,52.40999984741211,42814417.0
2025-04-25,52.5,52.689998626708984,49.560001373291016,49.86000061035156,50643672.0
2025-04-28,49.70000076293945,50.349998474121094,48.40999984741211,49.54999923706055,30954602.0
